{
  "name": "Saber Tokens",
  "logoURI": "https://registry.saber.so/icon.png",
  "tags": {
    "stablecoin": {
      "name": "stablecoin",
      "description": "Tokens that are fixed to an external asset, e.g. the US dollar"
    },
    "ethereum": {
      "name": "ethereum",
      "description": "Asset bridged from ethereum"
    },
    "lp-token": {
      "name": "lp-token",
      "description": "Asset representing liquidity provider token"
    },
    "wrapped-sollet": {
      "name": "wrapped-sollet",
      "description": "Asset wrapped using sollet bridge"
    },
    "wrapped": {
      "name": "wrapped",
      "description": "Asset wrapped using wormhole bridge"
    },
    "leveraged": { "name": "leveraged", "description": "Leveraged asset" },
    "bull": { "name": "bull", "description": "Leveraged Bull asset" },
    "bear": { "name": "bear", "description": "Leveraged Bear asset" },
    "nft": { "name": "nft", "description": "Non-fungible token" },
    "security-token": {
      "name": "security-token",
      "description": "Tokens that are used to gain access to an electronically restricted resource"
    },
    "utility-token": {
      "name": "utility-token",
      "description": "Tokens that are designed to be spent within a certain blockchain ecosystem e.g. most of the SPL-Tokens"
    },
    "tokenized-stock": {
      "name": "tokenized-stock",
      "description": "Tokenized stocks are tokenized derivatives that represent traditional securities, particularly shares in publicly firms traded on regulated exchanges"
    },
    "saber-hidden": {
      "name": "saber-hidden",
      "description": "Hidden from main Saber UI."
    },
    "saber-decimal-wrapped": {
      "name": "saber-decimal-wrapped",
      "description": "Decimal wrapper for a different token. See `assetContract` for the mint of the underlying."
    },
    "saber-stableswap-lp": {
      "name": "saber-stableswap-lp",
      "description": "Saber StableSwap LP token."
    },
    "saber-swappable": {
      "name": "saber-swappable",
      "description": "May be swapped on Saber."
    },
    "wormhole-v1": {
      "name": "wormhole-v1",
      "description": "Wormhole V1 asset."
    },
    "wormhole-v2": {
      "name": "wormhole-v2",
      "description": "Wormhole V2 asset."
    },
    "saber-market-usd": {
      "name": "saber-market-usd",
      "description": "Token which trades against other representations of USD."
    },
    "saber-market-btc": {
      "name": "saber-market-btc",
      "description": "Token which trades against other representations of BTC."
    },
    "saber-market-luna": {
      "name": "saber-market-luna",
      "description": "Token which trades against other representations of LUNA."
    },
    "saber-market-ftt": {
      "name": "saber-market-ftt",
      "description": "Token which trades against other representations of FTT."
    },
    "saber-market-srm": {
      "name": "saber-market-srm",
      "description": "Token which trades against other representations of SRM."
    },
    "saber-market-sol": {
      "name": "saber-market-sol",
      "description": "Token which trades against other representations of SOL."
    },
    "saber-market-eth": {
      "name": "saber-market-eth",
      "description": "Token which trades against other representations of ETH."
    }
  },
  "timestamp": "2021-10-26T08:41:13.160Z",
  "tokens": [
    {
      "symbol": "IOU",
      "name": "IOU Coin",
      "logoURI": "",
      "address": "iouQcQBAiEXe6cKLS85zmZxUqaCqBdeHFpqKoSz615u",
      "decimals": 6,
      "chainId": 101,
      "tags": [],
      "extensions": {}
    },
    {
      "chainId": 101,
      "address": "EPjFWdd5AufqSSqeM2qN1xzybapC8G4wEGGkZwyTDt1v",
      "symbol": "USDC",
      "name": "USD Coin",
      "decimals": 6,
      "logoURI": "https://spl-token-icons.static-assets.ship.capital/icons/101/EPjFWdd5AufqSSqeM2qN1xzybapC8G4wEGGkZwyTDt1v.png",
      "tags": ["stablecoin", "saber-market-usd", "saber-swappable"],
      "extensions": {
        "website": "https://www.centre.io/",
        "coingeckoId": "usd-coin",
        "serumV3Usdt": "77quYg4MGneUdjgXCunt9GgM1usmrxKY31twEy3WHwcS",
        "currency": "USD"
      }
    },
    {
      "chainId": 101,
      "address": "Es9vMFrzaCERmJfrF4H2FYD4KCoNkY11McCe8BenwNYB",
      "symbol": "USDT",
      "name": "USDT",
      "decimals": 6,
      "logoURI": "https://spl-token-icons.static-assets.ship.capital/icons/101/Es9vMFrzaCERmJfrF4H2FYD4KCoNkY11McCe8BenwNYB.svg",
      "tags": ["stablecoin", "saber-market-usd", "saber-swappable"],
      "extensions": {
        "website": "https://tether.to/",
        "coingeckoId": "tether",
        "serumV3Usdc": "77quYg4MGneUdjgXCunt9GgM1usmrxKY31twEy3WHwcS",
        "currency": "USD"
      }
    },
    {
      "chainId": 101,
      "address": "Ea5SjE2Y6yvCeW5dYTn7PYMuW5ikXkvbGdcmSnXeaLjS",
      "symbol": "PAI",
      "name": "PAI (Parrot USD)",
      "decimals": 6,
      "logoURI": "https://spl-token-icons.static-assets.ship.capital/icons/101/Ea5SjE2Y6yvCeW5dYTn7PYMuW5ikXkvbGdcmSnXeaLjS.svg",
      "tags": [
        "utility-token",
        "stablecoin",
        "saber-market-usd",
        "saber-swappable"
      ],
      "extensions": {
        "website": "https://parrot.fi",
        "twitter": "https://twitter.com/gopartyparrot",
        "telegram": "https://t.me/gopartyparrot",
        "medium": "https://gopartyparrot.medium.com/",
        "discord": "https://discord.gg/gopartyparrot",
        "coingeckoId": "parrot-usd",
        "currency": "USD"
      }
    },
    {
      "name": "Saber Wrapped USD Coin (9 decimals)",
      "address": "JEFFSQ3s8T3wKsvp4tnRAsUBW7Cqgnf8ukBZC4C8XBm1",
      "decimals": 9,
      "symbol": "sUSDC-9",
      "chainId": 101,
      "logoURI": "https://spl-token-icons.static-assets.ship.capital/icons/101/EPjFWdd5AufqSSqeM2qN1xzybapC8G4wEGGkZwyTDt1v.png",
      "tags": [
        "stablecoin",
        "saber-market-usd",
        "saber-decimal-wrapped",
        "saber-swappable"
      ],
      "extensions": {
        "assetContract": "EPjFWdd5AufqSSqeM2qN1xzybapC8G4wEGGkZwyTDt1v",
        "coingeckoId": "usd-coin",
        "underlyingTokens": ["EPjFWdd5AufqSSqeM2qN1xzybapC8G4wEGGkZwyTDt1v"],
        "currency": "USD"
      }
    },
    {
      "name": "Saber Wrapped USDT (9 decimals)",
      "address": "AEUT5uFm1D575FVCoQd5Yq891FJEqkncZUbBFoFcAhTV",
      "decimals": 9,
      "symbol": "sUSDT-9",
      "chainId": 101,
      "logoURI": "https://spl-token-icons.static-assets.ship.capital/icons/101/Es9vMFrzaCERmJfrF4H2FYD4KCoNkY11McCe8BenwNYB.svg",
      "tags": [
        "stablecoin",
        "saber-market-usd",
        "saber-decimal-wrapped",
        "saber-swappable"
      ],
      "extensions": {
        "assetContract": "Es9vMFrzaCERmJfrF4H2FYD4KCoNkY11McCe8BenwNYB",
        "coingeckoId": "tether",
        "underlyingTokens": ["Es9vMFrzaCERmJfrF4H2FYD4KCoNkY11McCe8BenwNYB"],
        "currency": "USD"
      }
    },
    {
      "chainId": 101,
      "address": "CXLBjMMcwkc17GfJtBos6rQCo1ypeH6eDbB82Kby4MRm",
      "symbol": "wUST_V1",
      "name": "Wrapped UST (Wormhole V1)",
      "decimals": 9,
      "logoURI": "https://spl-token-icons.static-assets.ship.capital/icons/101/CXLBjMMcwkc17GfJtBos6rQCo1ypeH6eDbB82Kby4MRm.png",
      "tags": [
        "wrapped",
        "wormhole",
        "saber-market-usd",
        "wormhole-v1",
        "saber-swappable"
      ],
      "extensions": {
        "website": "https://terra.money",
        "address": "0xa47c8bf37f92aBed4A126BDA807A7b7498661acD",
        "bridgeContract": "https://etherscan.io/address/0xf92cD566Ea4864356C5491c177A430C222d7e678",
        "assetContract": "https://etherscan.io/address/0xa47c8bf37f92aBed4A126BDA807A7b7498661acD",
        "coingeckoId": "terrausd",
        "currency": "USD",
        "source": "wormhole-v1"
      }
    },
    {
      "chainId": 101,
      "address": "FYpdBuyAHSbdaAyD1sKkxyLWbAP8uUW9h6uvdhK74ij1",
      "symbol": "wDAI_V1",
      "name": "Dai Stablecoin (Wormhole V1)",
      "decimals": 9,
      "logoURI": "https://spl-token-icons.static-assets.ship.capital/icons/101/FYpdBuyAHSbdaAyD1sKkxyLWbAP8uUW9h6uvdhK74ij1.png",
      "tags": [
        "wrapped",
        "wormhole",
        "saber-market-usd",
        "wormhole-v1",
        "saber-swappable"
      ],
      "extensions": {
        "address": "0x6B175474E89094C44Da98b954EedeAC495271d0F",
        "bridgeContract": "https://etherscan.io/address/0xf92cD566Ea4864356C5491c177A430C222d7e678",
        "assetContract": "https://etherscan.io/address/0x6B175474E89094C44Da98b954EedeAC495271d0F",
        "coingeckoId": "dai",
        "currency": "USD",
        "source": "wormhole-v1"
      }
    },
    {
      "chainId": 101,
      "address": "AJ1W9A9N9dEMdVyoDiam2rV44gnBm2csrPDP7xqcapgX",
      "symbol": "wBUSD_V1",
      "name": "Binance USD (Wormhole V1)",
      "decimals": 9,
      "logoURI": "https://spl-token-icons.static-assets.ship.capital/icons/101/AJ1W9A9N9dEMdVyoDiam2rV44gnBm2csrPDP7xqcapgX.png",
      "tags": [
        "wrapped",
        "wormhole",
        "saber-market-usd",
        "wormhole-v1",
        "saber-swappable"
      ],
      "extensions": {
        "address": "0x4Fabb145d64652a948d72533023f6E7A623C7C53",
        "bridgeContract": "https://etherscan.io/address/0xf92cD566Ea4864356C5491c177A430C222d7e678",
        "assetContract": "https://etherscan.io/address/0x4Fabb145d64652a948d72533023f6E7A623C7C53",
        "coingeckoId": "binance-usd",
        "currency": "USD",
        "source": "wormhole-v1"
      }
    },
    {
      "chainId": 101,
      "address": "8L8pDf3jutdpdr4m3np68CL9ZroLActrqwxi6s9Ah5xU",
      "symbol": "wFRAX_V1",
      "name": "Frax (Wormhole V1)",
      "decimals": 9,
      "logoURI": "https://spl-token-icons.static-assets.ship.capital/icons/101/8L8pDf3jutdpdr4m3np68CL9ZroLActrqwxi6s9Ah5xU.png",
      "tags": [
        "wrapped",
        "wormhole",
        "saber-market-usd",
        "wormhole-v1",
        "saber-swappable"
      ],
      "extensions": {
        "address": "0x853d955aCEf822Db058eb8505911ED77F175b99e",
        "bridgeContract": "https://etherscan.io/address/0xf92cD566Ea4864356C5491c177A430C222d7e678",
        "assetContract": "https://etherscan.io/address/0x853d955aCEf822Db058eb8505911ED77F175b99e",
        "coingeckoId": "frax",
        "currency": "USD",
        "source": "wormhole-v1"
      }
    },
    {
      "chainId": 101,
      "address": "BybpSTBoZHsmKnfxYG47GDhVPKrnEKX31CScShbrzUhX",
      "symbol": "wHUSD_V1",
      "name": "HUSD Stablecoin (Wormhole V1)",
      "decimals": 8,
      "logoURI": "https://spl-token-icons.static-assets.ship.capital/icons/101/BybpSTBoZHsmKnfxYG47GDhVPKrnEKX31CScShbrzUhX.png",
      "tags": [
        "wrapped",
        "wormhole",
        "saber-market-usd",
        "wormhole-v1",
        "saber-swappable"
      ],
      "extensions": {
        "website": "https://www.stcoins.com/",
        "address": "0xdf574c24545e5ffecb9a659c229253d4111d87e1",
        "bridgeContract": "https://etherscan.io/address/0xf92cD566Ea4864356C5491c177A430C222d7e678",
        "assetContract": "https://etherscan.io/address/0xdf574c24545e5ffecb9a659c229253d4111d87e1",
        "coingeckoId": "husd",
        "currency": "USD",
        "source": "wormhole-v1"
      }
    },
    {
      "symbol": "wUSDK_V1",
      "name": "USDK (Wormhole V1)",
      "logoURI": "https://registry.saber.so/token-icons/usdk.png",
      "address": "2kycGCD8tJbrjJJqWN2Qz5ysN9iB4Bth3Uic4mSB7uak",
      "decimals": 9,
      "extensions": {
        "coingeckoId": "usdk",
        "source": "wormhole-v1",
        "currency": "USD"
      },
      "chainId": 101,
      "tags": ["saber-market-usd", "wormhole-v1", "saber-swappable"]
    },
    {
      "chainId": 101,
      "address": "GbBWwtYTMPis4VHb8MrBbdibPhn28TSrLB53KvUmb7Gi",
      "symbol": "wFTT_V1",
      "name": "Wrapped FTT (Wormhole V1)",
      "decimals": 9,
      "logoURI": "https://spl-token-icons.static-assets.ship.capital/icons/101/GbBWwtYTMPis4VHb8MrBbdibPhn28TSrLB53KvUmb7Gi.png",
      "tags": [
        "wrapped",
        "wormhole",
        "saber-market-ftt",
        "wormhole-v1",
        "saber-swappable"
      ],
      "extensions": {
        "address": "0x50d1c9771902476076ecfc8b2a83ad6b9355a4c9",
        "bridgeContract": "https://etherscan.io/address/0xf92cD566Ea4864356C5491c177A430C222d7e678",
        "assetContract": "https://etherscan.io/address/0x50d1c9771902476076ecfc8b2a83ad6b9355a4c9",
        "coingeckoId": "ftx-token",
        "currency": "FTT",
        "source": "wormhole-v1"
      }
    },
    {
      "chainId": 101,
      "address": "8pBc4v9GAwCBNWPB5XKA93APexMGAS4qMr37vNke9Ref",
      "symbol": "wHBTC_V1",
      "name": "HBTC (Wormhole V1)",
      "decimals": 9,
      "logoURI": "https://spl-token-icons.static-assets.ship.capital/icons/101/8pBc4v9GAwCBNWPB5XKA93APexMGAS4qMr37vNke9Ref.png",
      "tags": [
        "wrapped",
        "wormhole",
        "saber-market-btc",
        "wormhole-v1",
        "saber-swappable"
      ],
      "extensions": {
        "address": "0x0316EB71485b0Ab14103307bf65a021042c6d380",
        "bridgeContract": "https://etherscan.io/address/0xf92cD566Ea4864356C5491c177A430C222d7e678",
        "assetContract": "https://etherscan.io/address/0x0316EB71485b0Ab14103307bf65a021042c6d380",
        "coingeckoId": "huobi-btc",
        "currency": "BTC",
        "source": "wormhole-v1"
      }
    },
    {
      "symbol": "wibBTC_V1",
      "name": "ibBTC (Wormhole V1)",
      "logoURI": "https://registry.saber.so/token-icons/ibbtc.svg",
      "address": "66CgfJQoZkpkrEgC1z4vFJcSFc4V6T5HqbjSSNuqcNJz",
      "decimals": 9,
      "extensions": {
        "coingeckoId": "bitcoin",
        "source": "wormhole-v1",
        "currency": "BTC"
      },
      "chainId": 101,
      "tags": ["saber-market-btc", "wormhole-v1", "saber-swappable"]
    },
    {
      "chainId": 101,
      "address": "2Xf2yAXJfg82sWwdLUo2x9mZXy6JCdszdMZkcF1Hf4KV",
      "symbol": "wLUNA_V1",
      "name": "Wrapped LUNA Token (Wormhole V1)",
      "decimals": 9,
      "logoURI": "https://spl-token-icons.static-assets.ship.capital/icons/101/2Xf2yAXJfg82sWwdLUo2x9mZXy6JCdszdMZkcF1Hf4KV.png",
      "tags": [
        "wrapped",
        "wormhole",
        "saber-market-luna",
        "wormhole-v1",
        "saber-swappable"
      ],
      "extensions": {
        "address": "0xd2877702675e6cEb975b4A1dFf9fb7BAF4C91ea9",
        "bridgeContract": "https://etherscan.io/address/0xf92cD566Ea4864356C5491c177A430C222d7e678",
        "assetContract": "https://etherscan.io/address/0xd2877702675e6cEb975b4A1dFf9fb7BAF4C91ea9",
        "coingeckoId": "wrapped-terra",
        "currency": "LUNA",
        "source": "wormhole-v1"
      }
    },
    {
      "symbol": "wSRM_V1",
      "name": "Serum (Wormhole V1)",
      "logoURI": "https://cdn.jsdelivr.net/gh/saber-hq/spl-token-icons@master/icons/101/SRMuApVNdxXokk5GT7XD5cUUgXMBCoAz2LHeuAoKWRt.png",
      "address": "2jXy799YnEcRXneFo2GEAB6SDRsAa767HpWmktRr1DaP",
      "decimals": 6,
      "extensions": {
        "coingeckoId": "serum",
        "source": "wormhole-v1",
        "currency": "SRM"
      },
      "chainId": 101,
      "tags": ["saber-market-srm", "wormhole-v1", "saber-swappable"]
    },
    {
      "symbol": "weBUSD",
      "name": "BUSD (ETH Wormhole)",
      "address": "33fsBLA8djQm82RpHmE3SuVrPGtZBWNYExsEUeKX1HXX",
      "decimals": 8,
      "logoURI": "https://spl-token-icons.static-assets.ship.capital/icons/101/33fsBLA8djQm82RpHmE3SuVrPGtZBWNYExsEUeKX1HXX.png",
      "extensions": {
        "coingeckoId": "binance-usd",
        "source": "wormhole-v2",
        "currency": "USD"
      },
      "chainId": 101,
      "tags": ["saber-market-usd", "wormhole-v2", "saber-swappable"]
    },
    {
      "symbol": "weUSDC",
      "name": "USDC (ETH Wormhole)",
      "address": "A9mUU4qviSctJVPJdBJWkb28deg915LYJKrzQ19ji3FM",
      "decimals": 6,
      "logoURI": "https://spl-token-icons.static-assets.ship.capital/icons/101/A9mUU4qviSctJVPJdBJWkb28deg915LYJKrzQ19ji3FM.png",
      "extensions": {
        "coingeckoId": "usd-coin",
        "source": "wormhole-v2",
        "currency": "USD"
      },
      "chainId": 101,
      "tags": ["saber-market-usd", "wormhole-v2", "saber-swappable"]
    },
    {
      "symbol": "weUSDT",
      "name": "USDT (ETH Wormhole)",
      "address": "Dn4noZ5jgGfkntzcQSUZ8czkreiZ1ForXYoV2H8Dm7S1",
      "decimals": 6,
      "logoURI": "https://spl-token-icons.static-assets.ship.capital/icons/101/Dn4noZ5jgGfkntzcQSUZ8czkreiZ1ForXYoV2H8Dm7S1.png",
      "extensions": {
        "coingeckoId": "tether",
        "source": "wormhole-v2",
        "currency": "USD"
      },
      "chainId": 101,
      "tags": ["saber-market-usd", "wormhole-v2", "saber-swappable"]
    },
    {
      "symbol": "wFRAX",
      "name": "FRAX (Wormhole)",
      "address": "FR87nWEUxVgerFGhZM8Y4AggKGLnaXswr1Pd8wZ4kZcp",
      "decimals": 8,
      "logoURI": "https://spl-token-icons.static-assets.ship.capital/icons/101/FR87nWEUxVgerFGhZM8Y4AggKGLnaXswr1Pd8wZ4kZcp.png",
      "extensions": {
        "coingeckoId": "frax",
        "source": "wormhole-v2",
        "currency": "USD"
      },
      "chainId": 101,
      "tags": ["saber-market-usd", "wormhole-v2", "saber-swappable"]
    },
    {
      "symbol": "wHBTC",
      "name": "HBTC (Wormhole)",
      "address": "7dVH61ChzgmN9BwG4PkzwRP8PbYwPJ7ZPNF2vamKT2H8",
      "decimals": 8,
      "logoURI": "https://spl-token-icons.static-assets.ship.capital/icons/101/7dVH61ChzgmN9BwG4PkzwRP8PbYwPJ7ZPNF2vamKT2H8.png",
      "extensions": {
        "coingeckoId": "huobi-btc",
        "source": "wormhole-v2",
        "currency": "BTC"
      },
      "chainId": 101,
      "tags": ["saber-market-btc", "wormhole-v2"]
    },
    {
      "symbol": "wHUSD",
      "name": "HUSD (Wormhole)",
      "address": "7VQo3HFLNH5QqGtM8eC3XQbPkJUu7nS9LeGWjerRh5Sw",
      "decimals": 8,
      "logoURI": "https://spl-token-icons.static-assets.ship.capital/icons/101/7VQo3HFLNH5QqGtM8eC3XQbPkJUu7nS9LeGWjerRh5Sw.png",
      "extensions": {
        "coingeckoId": "husd",
        "source": "wormhole-v2",
        "currency": "USD"
      },
      "chainId": 101,
      "tags": ["saber-market-usd", "wormhole-v2", "saber-swappable"]
    },
    {
      "symbol": "wUSDK",
      "name": "USDK (Wormhole)",
      "address": "43m2ewFV5nDepieFjT9EmAQnc1HRtAF247RBpLGFem5F",
      "decimals": 8,
      "logoURI": "https://spl-token-icons.static-assets.ship.capital/icons/101/43m2ewFV5nDepieFjT9EmAQnc1HRtAF247RBpLGFem5F.png",
      "extensions": {
        "coingeckoId": "usdk",
        "source": "wormhole-v2",
        "currency": "USD"
      },
      "chainId": 101,
      "tags": ["saber-market-usd", "wormhole-v2", "saber-swappable"]
    },
    {
      "symbol": "wDAI",
      "name": "DAI (Wormhole)",
      "address": "EjmyN6qEC1Tf1JxiG1ae7UTJhUxSwk1TCWNWqxWV4J6o",
      "decimals": 8,
      "logoURI": "https://spl-token-icons.static-assets.ship.capital/icons/101/EjmyN6qEC1Tf1JxiG1ae7UTJhUxSwk1TCWNWqxWV4J6o.png",
      "extensions": {
        "coingeckoId": "dai",
        "source": "wormhole-v2",
        "currency": "USD"
      },
      "chainId": 101,
      "tags": ["saber-market-usd", "wormhole-v2", "saber-swappable"]
    },
    {
      "symbol": "whETH",
      "name": "Ether (Wormhole)",
      "address": "7vfCXTUXx5WJV5JADk17DUJ4ksgau7utNKj4b963voxs",
      "decimals": 8,
      "logoURI": "https://spl-token-icons.static-assets.ship.capital/icons/101/7vfCXTUXx5WJV5JADk17DUJ4ksgau7utNKj4b963voxs.png",
      "extensions": {
        "coingeckoId": "ethereum",
        "source": "wormhole-v2",
        "currency": "ETH"
      },
      "chainId": 101,
      "tags": ["saber-market-eth", "wormhole-v2", "saber-swappable"]
    },
    {
      "name": "Saber Wrapped Ether (Wormhole) (9 decimals)",
      "address": "KNVfdSJyq1pRQk9AKKv1g5uyGuk6wpm4WG16Bjuwdma",
      "decimals": 9,
      "symbol": "swhETH-9",
      "chainId": 101,
      "logoURI": "https://spl-token-icons.static-assets.ship.capital/icons/101/7vfCXTUXx5WJV5JADk17DUJ4ksgau7utNKj4b963voxs.png",
      "tags": [
        "saber-market-eth",
        "wormhole-v2",
        "saber-decimal-wrapped",
        "saber-swappable"
      ],
      "extensions": {
        "assetContract": "7vfCXTUXx5WJV5JADk17DUJ4ksgau7utNKj4b963voxs",
        "coingeckoId": "ethereum",
        "underlyingTokens": ["7vfCXTUXx5WJV5JADk17DUJ4ksgau7utNKj4b963voxs"],
        "currency": "ETH"
      }
    },
    {
      "symbol": "wSRM",
      "name": "Serum (Wormhole)",
      "address": "xnorPhAzWXUczCP3KjU5yDxmKKZi5cSbxytQ1LgE3kG",
      "decimals": 6,
      "logoURI": "https://spl-token-icons.static-assets.ship.capital/icons/101/xnorPhAzWXUczCP3KjU5yDxmKKZi5cSbxytQ1LgE3kG.png",
      "extensions": {
        "coingeckoId": "serum",
        "source": "wormhole-v2",
        "currency": "SRM"
      },
      "chainId": 101,
      "tags": ["saber-market-srm", "wormhole-v2"]
    },
    {
      "symbol": "wFTT",
      "name": "FTT (Wormhole)",
      "address": "EzfgjvkSwthhgHaceR3LnKXUoRkP6NUhfghdaHAj1tUv",
      "decimals": 8,
      "logoURI": "https://spl-token-icons.static-assets.ship.capital/icons/101/EzfgjvkSwthhgHaceR3LnKXUoRkP6NUhfghdaHAj1tUv.png",
      "extensions": {
        "coingeckoId": "ftx-token",
        "source": "wormhole-v2",
        "currency": "FTT"
      },
      "chainId": 101,
      "tags": ["saber-market-ftt", "wormhole-v2", "saber-swappable"]
    },
    {
      "name": "Saber Wrapped FTT (Wormhole) (9 decimals)",
      "address": "FTT9GrHBVHvDeUTgLU8FxVJouGqg9uiWGmmjETdm32Sx",
      "decimals": 9,
      "symbol": "swFTT-9",
      "chainId": 101,
      "logoURI": "https://spl-token-icons.static-assets.ship.capital/icons/101/EzfgjvkSwthhgHaceR3LnKXUoRkP6NUhfghdaHAj1tUv.png",
      "tags": [
        "saber-market-ftt",
        "wormhole-v2",
        "saber-decimal-wrapped",
        "saber-swappable"
      ],
      "extensions": {
        "assetContract": "EzfgjvkSwthhgHaceR3LnKXUoRkP6NUhfghdaHAj1tUv",
        "coingeckoId": "ftx-token",
        "underlyingTokens": ["EzfgjvkSwthhgHaceR3LnKXUoRkP6NUhfghdaHAj1tUv"],
        "currency": "FTT"
      }
    },
    {
      "symbol": "wUST",
      "name": "UST (Wormhole)",
      "address": "9vMJfxuKxXBoEa7rM12mYLMwTacLMLDJqHozw96WQL8i",
      "decimals": 6,
      "logoURI": "https://spl-token-icons.static-assets.ship.capital/icons/101/9vMJfxuKxXBoEa7rM12mYLMwTacLMLDJqHozw96WQL8i.png",
      "extensions": {
        "coingeckoId": "terrausd",
        "source": "wormhole-v2",
        "currency": "USD"
      },
      "chainId": 101,
      "tags": ["saber-market-usd", "wormhole-v2", "saber-swappable"]
    },
    {
      "symbol": "wLUNA",
      "name": "Luna (Wormhole)",
      "address": "F6v4wfAdJB8D8p77bMXZgYt8TDKsYxLYxH5AFhUkYx9W",
      "decimals": 6,
      "logoURI": "https://spl-token-icons.static-assets.ship.capital/icons/101/F6v4wfAdJB8D8p77bMXZgYt8TDKsYxLYxH5AFhUkYx9W.png",
      "extensions": {
        "coingeckoId": "terra-luna",
        "source": "wormhole-v2",
        "currency": "LUNA"
      },
      "chainId": 101,
      "tags": ["saber-market-luna", "wormhole-v2", "saber-swappable"]
    },
    {
      "chainId": 101,
      "address": "DNhZkUaxHXYvpxZ7LNnHtss8sQgdAfd1ZYS1fB7LKWUZ",
      "symbol": "apUSDT",
      "name": "Wrapped USDT (Allbridge from Polygon)",
      "decimals": 6,
      "logoURI": "https://spl-token-icons.static-assets.ship.capital/icons/101/DNhZkUaxHXYvpxZ7LNnHtss8sQgdAfd1ZYS1fB7LKWUZ.png",
      "tags": ["stablecoin", "saber-market-usd", "saber-swappable"],
      "extensions": {
        "coingeckoId": "tether",
        "currency": "USD",
        "source": "allbridge"
      }
    },
    {
      "chainId": 101,
      "address": "eqKJTf1Do4MDPyKisMYqVaUFpkEFAs3riGF3ceDH2Ca",
      "symbol": "apUSDC",
      "name": "Wrapped USDC (Allbridge from Polygon)",
      "decimals": 6,
      "logoURI": "https://spl-token-icons.static-assets.ship.capital/icons/101/eqKJTf1Do4MDPyKisMYqVaUFpkEFAs3riGF3ceDH2Ca.png",
      "tags": ["stablecoin", "saber-market-usd", "saber-swappable"],
      "extensions": {
        "coingeckoId": "usd-coin",
        "currency": "USD",
        "source": "allbridge"
      }
    },
    {
      "symbol": "abBUSD",
      "name": "Wrapped BUSD (Allbridge from BSC)",
      "logoURI": "https://spl-token-icons.static-assets.ship.capital/icons/101/6nuaX3ogrr2CaoAPjtaKHAoBNWok32BMcRozuf32s2QF.png",
      "address": "6nuaX3ogrr2CaoAPjtaKHAoBNWok32BMcRozuf32s2QF",
      "decimals": 9,
      "tags": ["stablecoin", "saber-market-usd", "saber-swappable"],
      "extensions": {
        "coingeckoId": "binance-usd",
        "source": "allbridge",
        "currency": "USD"
      },
      "chainId": 101
    },
    {
      "symbol": "acUSD",
      "name": "Wrapped cUSD (Allbridge from Celo)",
      "logoURI": "https://spl-token-icons.static-assets.ship.capital/icons/101/EwxNF8g9UfmsJVcZFTpL9Hx5MCkoQFoJi6XNWzKf1j8e.png",
      "address": "EwxNF8g9UfmsJVcZFTpL9Hx5MCkoQFoJi6XNWzKf1j8e",
      "decimals": 9,
      "tags": ["stablecoin", "saber-market-usd", "saber-swappable"],
      "extensions": {
        "coingeckoId": "celo-dollar",
        "source": "allbridge",
        "currency": "USD"
      },
      "chainId": 101
    },
    {
      "chainId": 101,
      "address": "AaAEw2VCw1XzgvKB8Rj2DyK2ZVau9fbt2bE8hZFWsMyE",
      "symbol": "aeWETH",
      "name": "Wrapped ETH (Allbridge from Ethereum)",
      "decimals": 9,
      "logoURI": "https://spl-token-icons.static-assets.ship.capital/icons/101/AaAEw2VCw1XzgvKB8Rj2DyK2ZVau9fbt2bE8hZFWsMyE.png",
      "tags": ["stablecoin", "saber-market-eth", "saber-swappable"],
      "extensions": {
        "coingeckoId": "weth",
        "currency": "ETH",
        "source": "allbridge"
      }
    },
    {
      "symbol": "MAI",
      "name": "MAI (miMATIC)",
      "logoURI": "https://registry.saber.so/token-icons/mai.svg",
      "address": "9mWRABuz2x6koTPCWiCPM49WUbcrNqGTHBV9T9k7y1o7",
      "decimals": 9,
      "extensions": {
        "coingeckoId": "mimatic",
        "source": "allbridge",
        "currency": "USD"
      },
      "chainId": 101,
      "tags": ["saber-market-usd", "saber-swappable"]
    },
    {
      "chainId": 101,
      "address": "DdFPRnccQqLD4zCHrBqdY95D6hvw6PLWp9DEXj1fLCL9",
      "symbol": "aeUSDC",
      "name": "Wrapped USDC (Allbridge from Ethereum)",
      "decimals": 9,
      "logoURI": "https://spl-token-icons.static-assets.ship.capital/icons/101/DdFPRnccQqLD4zCHrBqdY95D6hvw6PLWp9DEXj1fLCL9.png",
      "tags": ["stablecoin", "saber-market-usd", "saber-swappable"],
      "extensions": {
        "coingeckoId": "usd-coin",
        "currency": "USD",
        "source": "allbridge"
      }
    },
    {
      "chainId": 101,
      "address": "Bn113WT6rbdgwrm12UJtnmNqGqZjY4it2WoUQuQopFVn",
      "symbol": "aeUSDT",
      "name": "Wrapped USDT (Allbridge from Ethereum)",
      "decimals": 9,
      "logoURI": "https://spl-token-icons.static-assets.ship.capital/icons/101/Bn113WT6rbdgwrm12UJtnmNqGqZjY4it2WoUQuQopFVn.svg",
      "tags": ["stablecoin", "saber-market-usd", "saber-swappable"],
      "extensions": {
        "coingeckoId": "tether",
        "currency": "USD",
        "source": "allbridge"
      }
    },
    {
      "chainId": 101,
      "address": "9w6LpS7RU1DKftiwH3NgShtXbkMM1ke9iNU4g3MBXSUs",
      "symbol": "aeDAI",
      "name": "Wrapped DAI (Allbridge from Ethereum)",
      "decimals": 9,
      "logoURI": "https://spl-token-icons.static-assets.ship.capital/icons/101/9w6LpS7RU1DKftiwH3NgShtXbkMM1ke9iNU4g3MBXSUs.png",
      "tags": ["stablecoin", "saber-market-usd", "saber-swappable"],
      "extensions": {
        "coingeckoId": "multi-collateral-dai",
        "currency": "USD",
        "source": "allbridge"
      }
    },
    {
      "chainId": 101,
      "address": "BFsCwfk8VsEbSfLkkgmoKsAPk2N6FMJjeTsuxfGa9VEf",
      "symbol": "aeFTT",
      "name": "Wrapped FTT (Allbridge from Ethereum)",
      "decimals": 9,
      "logoURI": "https://spl-token-icons.static-assets.ship.capital/icons/101/BFsCwfk8VsEbSfLkkgmoKsAPk2N6FMJjeTsuxfGa9VEf.png",
      "tags": ["saber-market-ftt", "saber-swappable"],
      "extensions": {
        "coingeckoId": "ftx-token",
        "currency": "FTT",
        "source": "allbridge"
      }
    },
    {
      "address": "8Yv9Jz4z7BUHP68dz8E8m3tMe6NKgpMUKn8KVqrPA6Fr",
      "symbol": "aaUSDC",
      "name": "Wrapped USDC (Allbridge from Avalanche)",
      "decimals": 9,
      "logoURI": "https://spl-token-icons.static-assets.ship.capital/icons/101/8Yv9Jz4z7BUHP68dz8E8m3tMe6NKgpMUKn8KVqrPA6Fr.png",
      "tags": ["stablecoin", "saber-market-usd", "saber-swappable"],
      "extensions": {
        "coingeckoId": "usd-coin",
        "source": "allbridge",
        "currency": "USD"
      },
      "chainId": 101
    },
    {
      "address": "FwEHs3kJEdMa2qZHv7SgzCiFXUQPEycEXksfBkwmS8gj",
      "symbol": "aaUSDT",
      "name": "Wrapped USDT (Allbridge from Avalanche)",
      "decimals": 9,
      "logoURI": "https://spl-token-icons.static-assets.ship.capital/icons/101/FwEHs3kJEdMa2qZHv7SgzCiFXUQPEycEXksfBkwmS8gj.svg",
      "tags": ["stablecoin", "saber-market-usd", "saber-swappable"],
      "extensions": {
        "coingeckoId": "tether",
        "source": "allbridge",
        "currency": "USD"
      },
      "chainId": 101
    },
    {
      "address": "Fd8xyHHRjTvxfZrBirb6MaxSmrZYw99gRSqFUKdFwFvw",
      "symbol": "aaWBTC",
      "name": "Wrapped BTC (Allbridge from Avalanche)",
      "decimals": 9,
      "logoURI": "https://spl-token-icons.static-assets.ship.capital/icons/101/Fd8xyHHRjTvxfZrBirb6MaxSmrZYw99gRSqFUKdFwFvw.png",
      "extensions": {
        "coingeckoId": "wrapped-bitcoin",
        "source": "allbridge",
        "currency": "BTC"
      },
      "chainId": 101,
      "tags": ["saber-market-btc", "saber-swappable"]
    },
    {
      "address": "EgQ3yNtVhdHz7g1ZhjfGbxhFKMPPaFkz8QHXM5RBZBgi",
      "symbol": "aaDAI",
      "name": "Wrapped DAI (Allbridge from Avalanche)",
      "decimals": 9,
      "logoURI": "https://spl-token-icons.static-assets.ship.capital/icons/101/EgQ3yNtVhdHz7g1ZhjfGbxhFKMPPaFkz8QHXM5RBZBgi.png",
      "tags": ["stablecoin", "saber-market-usd", "saber-swappable"],
      "extensions": {
        "coingeckoId": "multi-collateral-dai",
        "source": "allbridge",
        "currency": "USD"
      },
      "chainId": 101
    },
    {
      "address": "AUrMpCDYYcPuHhyNX8gEEqbmDPFUpBpHrNW3vPeCFn5Z",
      "symbol": "AVAX",
      "name": "AVAX (Allbridge from Avalanche)",
      "decimals": 9,
      "logoURI": "https://spl-token-icons.static-assets.ship.capital/icons/101/AUrMpCDYYcPuHhyNX8gEEqbmDPFUpBpHrNW3vPeCFn5Z.png",
      "extensions": { "coingeckoId": "avalanche", "source": "allbridge" },
      "chainId": 101,
      "tags": []
    },
    {
      "symbol": "pUSDC",
      "name": "Port USDC",
      "logoURI": "https://registry.saber.so/token-icons/usdc.svg",
      "address": "FgSsGV8GByPaMERxeQJPvZRZHf7zCBhrdYtztKorJS58",
      "decimals": 6,
      "extensions": {
        "coingeckoId": "usd-coin",
        "underlyingTokens": ["EPjFWdd5AufqSSqeM2qN1xzybapC8G4wEGGkZwyTDt1v"],
        "source": "port",
        "currency": "USD"
      },
      "chainId": 101,
      "tags": ["saber-market-usd", "saber-swappable"]
    },
    {
      "symbol": "pUSDT",
      "name": "Port USDT",
      "logoURI": "https://registry.saber.so/token-icons/usdt.svg",
      "address": "3RudPTAkfcq9Q9Jk8SVeCoecCBmdKMj6q5smsWzxqtqZ",
      "decimals": 6,
      "extensions": {
        "coingeckoId": "tether",
        "underlyingTokens": ["Es9vMFrzaCERmJfrF4H2FYD4KCoNkY11McCe8BenwNYB"],
        "source": "port",
        "currency": "USD"
      },
      "chainId": 101,
      "tags": ["saber-market-usd", "saber-swappable"]
    },
    {
      "symbol": "portSOL",
      "name": "Port Solana",
      "logoURI": "https://cdn.jsdelivr.net/gh/saber-hq/spl-token-icons@master/icons/101/So11111111111111111111111111111111111111112.png",
      "address": "8ezDtNNhX91t1NbSLe8xV2PcCEfoQjEm2qDVGjt3rjhg",
      "decimals": 9,
      "extensions": {
        "coingeckoId": "solana",
        "underlyingTokens": ["So11111111111111111111111111111111111111112"],
        "source": "port",
        "currency": "SOL"
      },
      "chainId": 101,
      "tags": ["saber-market-sol"]
    },
    {
      "symbol": "pmSOL",
      "name": "Port Marinade staked SOL",
      "logoURI": "https://cdn.jsdelivr.net/gh/saber-hq/spl-token-icons@master/icons/101/mSoLzYCxHdYgdzU16g5QSh3i5K3z3KZK7ytfqcJm7So.png",
      "address": "Dt1Cuau5m5CSmun8hZstjEh9RszxAmejnq7ZaHNcuXfA",
      "decimals": 9,
      "extensions": {
        "coingeckoId": "solana",
        "underlyingTokens": ["mSoLzYCxHdYgdzU16g5QSh3i5K3z3KZK7ytfqcJm7So"],
        "source": "port",
        "currency": "SOL"
      },
      "chainId": 101,
      "tags": ["saber-market-sol"]
    },
    {
      "chainId": 101,
      "address": "83LGLCm7QKpYZbX8q4W2kYWbtt8NJBwbVwEepzkVnJ9y",
      "symbol": "xUSD",
      "name": "Synthetic USD",
      "decimals": 6,
      "logoURI": "https://spl-token-icons.static-assets.ship.capital/icons/101/83LGLCm7QKpYZbX8q4W2kYWbtt8NJBwbVwEepzkVnJ9y.svg",
      "tags": ["saber-market-usd", "saber-swappable"],
      "extensions": {
        "website": "https://synthetify.io/",
        "twitter": "https://twitter.com/synthetify",
        "coingeckoId": "usd-coin",
        "currency": "USD",
        "source": "synthetify"
      }
    },
    {
      "chainId": 101,
      "address": "BdUJucPJyjkHxLMv6ipKNUhSeY3DWrVtgxAES1iSBAov",
      "symbol": "xSOL",
      "name": "Synthetic SOL",
      "decimals": 9,
      "logoURI": "https://spl-token-icons.static-assets.ship.capital/icons/101/BdUJucPJyjkHxLMv6ipKNUhSeY3DWrVtgxAES1iSBAov.svg",
      "tags": ["saber-market-sol", "saber-swappable"],
      "extensions": {
        "website": "https://synthetify.io/",
        "twitter": "https://twitter.com/synthetify",
        "coingeckoId": "solana",
        "currency": "SOL",
        "source": "synthetify"
      }
    },
    {
      "chainId": 101,
      "address": "8bqjz8DeSuim1sEAsQatjJN4zseyxSPdhHQcuuhL8PCK",
      "symbol": "xETH",
      "name": "Synthetic ETH",
      "decimals": 9,
      "logoURI": "https://spl-token-icons.static-assets.ship.capital/icons/101/8bqjz8DeSuim1sEAsQatjJN4zseyxSPdhHQcuuhL8PCK.svg",
      "tags": ["saber-market-eth", "saber-swappable"],
      "extensions": {
        "website": "https://synthetify.io/",
        "twitter": "https://twitter.com/synthetify",
        "coingeckoId": "ethereum",
        "currency": "ETH",
        "source": "synthetify"
      }
    },
    {
      "chainId": 101,
      "address": "HWxpSV3QAGzLQzGAtvhSYAEr7sTQugQygnni1gnUGh1D",
      "symbol": "xBTC",
      "name": "Synthetic BTC",
      "decimals": 10,
      "logoURI": "https://spl-token-icons.static-assets.ship.capital/icons/101/HWxpSV3QAGzLQzGAtvhSYAEr7sTQugQygnni1gnUGh1D.svg",
      "tags": ["saber-market-btc", "saber-swappable"],
      "extensions": {
        "website": "https://synthetify.io/",
        "twitter": "https://twitter.com/synthetify",
        "coingeckoId": "bitcoin",
        "currency": "BTC",
        "source": "synthetify"
      }
    },
    {
      "chainId": 101,
      "address": "Fr3W7NPVvdVbwMcHgA7Gx2wUxP43txdsn3iULJGFbKz9",
      "symbol": "xFTT",
      "name": "Synthetic FTT",
      "decimals": 8,
      "logoURI": "https://spl-token-icons.static-assets.ship.capital/icons/101/Fr3W7NPVvdVbwMcHgA7Gx2wUxP43txdsn3iULJGFbKz9.svg",
      "tags": ["saber-market-ftt", "saber-swappable"],
      "extensions": {
        "website": "https://synthetify.io/",
        "twitter": "https://twitter.com/synthetify",
        "coingeckoId": "ftx-token",
        "currency": "FTT",
        "source": "synthetify"
      }
    },
    {
      "name": "Saber Wrapped USD Coin (8 decimals)",
      "address": "88881Hu2jGMfCs9tMu5Rr7Ah7WBNBuXqde4nR5ZmKYYy",
      "decimals": 8,
      "symbol": "sUSDC-8",
      "chainId": 101,
      "logoURI": "https://spl-token-icons.static-assets.ship.capital/icons/101/EPjFWdd5AufqSSqeM2qN1xzybapC8G4wEGGkZwyTDt1v.png",
      "tags": [
        "stablecoin",
        "saber-market-usd",
        "saber-decimal-wrapped",
        "saber-swappable"
      ],
      "extensions": {
        "assetContract": "EPjFWdd5AufqSSqeM2qN1xzybapC8G4wEGGkZwyTDt1v",
        "coingeckoId": "usd-coin",
        "underlyingTokens": ["EPjFWdd5AufqSSqeM2qN1xzybapC8G4wEGGkZwyTDt1v"],
        "currency": "USD"
      }
    },
    {
      "chainId": 101,
      "address": "AGFEad2et2ZJif9jaGpdMixQqvW5i81aBdvKe7PHNfz3",
      "symbol": "FTT",
      "name": "Wrapped FTT (Sollet)",
      "decimals": 6,
      "logoURI": "https://spl-token-icons.static-assets.ship.capital/icons/101/AGFEad2et2ZJif9jaGpdMixQqvW5i81aBdvKe7PHNfz3.png",
      "tags": ["wrapped-sollet", "ethereum", "saber-market-ftt"],
      "extensions": {
        "bridgeContract": "https://etherscan.io/address/0xeae57ce9cc1984f202e15e038b964bb8bdf7229a",
        "assetContract": "https://etherscan.io/address/0x50d1c9771902476076ecfc8b2a83ad6b9355a4c9",
        "serumV3Usdc": "2Pbh1CvRVku1TgewMfycemghf6sU9EyuFDcNXqvRmSxc",
        "serumV3Usdt": "Hr3wzG8mZXNHV7TuL6YqtgfVUesCqMxGYCEyP3otywZE",
        "coingeckoId": "ftx-token",
        "waterfallbot": "https://bit.ly/FTTwaterfall",
        "currency": "FTT"
      }
    },
    {
      "name": "Saber Wrapped Wrapped FTT (Sollet) (9 decimals)",
      "address": "FTT9rBBrYwcHam4qLvkzzzhrsihYMbZ3k6wJbdoahxAt",
      "decimals": 9,
      "symbol": "sFTT-9",
      "chainId": 101,
      "logoURI": "https://spl-token-icons.static-assets.ship.capital/icons/101/AGFEad2et2ZJif9jaGpdMixQqvW5i81aBdvKe7PHNfz3.png",
      "tags": [
        "wrapped-sollet",
        "ethereum",
        "saber-market-ftt",
        "saber-decimal-wrapped",
        "saber-swappable"
      ],
      "extensions": {
        "assetContract": "AGFEad2et2ZJif9jaGpdMixQqvW5i81aBdvKe7PHNfz3",
        "coingeckoId": "ftx-token",
        "underlyingTokens": ["AGFEad2et2ZJif9jaGpdMixQqvW5i81aBdvKe7PHNfz3"],
        "currency": "FTT"
      }
    },
    {
      "chainId": 101,
      "address": "SRMuApVNdxXokk5GT7XD5cUUgXMBCoAz2LHeuAoKWRt",
      "symbol": "SRM",
      "name": "Serum",
      "decimals": 6,
      "logoURI": "https://spl-token-icons.static-assets.ship.capital/icons/101/SRMuApVNdxXokk5GT7XD5cUUgXMBCoAz2LHeuAoKWRt.png",
      "tags": ["saber-market-srm", "saber-swappable"],
      "extensions": {
        "website": "https://projectserum.com/",
        "serumV3Usdc": "ByRys5tuUWDgL73G8JBAEfkdFf8JWBzPBDHsBVQ5vbQA",
        "serumV3Usdt": "AtNnsY1AyRERWJ8xCskfz38YdvruWVJQUVXgScC1iPb",
        "coingeckoId": "serum",
        "waterfallbot": "https://bit.ly/SRMwaterfall",
        "currency": "SRM"
      }
    },
    {
      "chainId": 101,
      "address": "2FPyTwcZLUg1MDrwsyoP4D6s1tM7hAkHYRjkNb5w6Pxk",
      "symbol": "ETH",
      "name": "Wrapped Ethereum (Sollet)",
      "decimals": 6,
      "logoURI": "https://spl-token-icons.static-assets.ship.capital/icons/101/2FPyTwcZLUg1MDrwsyoP4D6s1tM7hAkHYRjkNb5w6Pxk.png",
      "tags": ["wrapped-sollet", "ethereum", "saber-market-eth"],
      "extensions": {
        "bridgeContract": "https://etherscan.io/address/0xeae57ce9cc1984f202e15e038b964bb8bdf7229a",
        "serumV3Usdc": "4tSvZvnbyzHXLMTiFonMyxZoHmFqau1XArcRCVHLZ5gX",
        "serumV3Usdt": "7dLVkUfBVfCGkFhSXDCq1ukM9usathSgS716t643iFGF",
        "coingeckoId": "ethereum",
        "currency": "ETH"
      }
    },
    {
      "name": "Saber Wrapped Wrapped Ethereum (Sollet) (8 decimals)",
      "address": "SL819j8K9FuFPL84UepVcFkEZqDUUvVzwDmJjCHySYj",
      "decimals": 8,
      "symbol": "sETH-8",
      "chainId": 101,
      "logoURI": "https://spl-token-icons.static-assets.ship.capital/icons/101/2FPyTwcZLUg1MDrwsyoP4D6s1tM7hAkHYRjkNb5w6Pxk.png",
      "tags": [
        "wrapped-sollet",
        "ethereum",
        "saber-market-eth",
        "saber-decimal-wrapped",
        "saber-swappable"
      ],
      "extensions": {
        "assetContract": "2FPyTwcZLUg1MDrwsyoP4D6s1tM7hAkHYRjkNb5w6Pxk",
        "coingeckoId": "ethereum",
        "underlyingTokens": ["2FPyTwcZLUg1MDrwsyoP4D6s1tM7hAkHYRjkNb5w6Pxk"],
        "currency": "ETH"
      }
    },
    {
      "chainId": 101,
      "address": "CDJWUqTcYTVAKXAVXoQZFes5JUFc7owSeq7eMQcDSbo5",
      "symbol": "renBTC",
      "name": "renBTC",
      "decimals": 8,
      "logoURI": "https://spl-token-icons.static-assets.ship.capital/icons/101/CDJWUqTcYTVAKXAVXoQZFes5JUFc7owSeq7eMQcDSbo5.png",
      "tags": ["saber-market-btc", "saber-swappable"],
      "extensions": {
        "coingeckoId": "renbtc",
        "website": "https://renproject.io/",
        "serumV3Usdc": "74Ciu5yRzhe8TFTHvQuEVbFZJrbnCMRoohBK33NNiPtv",
        "currency": "BTC"
      }
    },
    {
      "name": "Saber Wrapped renBTC (9 decimals)",
      "address": "FACTQhZBfRzC7A76antnpAoZtiwYmUfdAN8wz7e8rxC5",
      "decimals": 9,
      "symbol": "srenBTC-9",
      "chainId": 101,
      "logoURI": "https://spl-token-icons.static-assets.ship.capital/icons/101/CDJWUqTcYTVAKXAVXoQZFes5JUFc7owSeq7eMQcDSbo5.png",
      "tags": ["saber-market-btc", "saber-decimal-wrapped", "saber-swappable"],
      "extensions": {
        "assetContract": "CDJWUqTcYTVAKXAVXoQZFes5JUFc7owSeq7eMQcDSbo5",
        "coingeckoId": "renbtc",
        "underlyingTokens": ["CDJWUqTcYTVAKXAVXoQZFes5JUFc7owSeq7eMQcDSbo5"],
        "currency": "BTC"
      }
    },
    {
      "name": "Saber Wrapped renBTC (10 decimals)",
      "address": "BtX7AfzEJLnU8KQR1AgHrhGH5s2AHUTbfjhUQP8BhPvi",
      "decimals": 10,
      "symbol": "srenBTC-10",
      "chainId": 101,
      "logoURI": "https://spl-token-icons.static-assets.ship.capital/icons/101/CDJWUqTcYTVAKXAVXoQZFes5JUFc7owSeq7eMQcDSbo5.png",
      "tags": ["saber-market-btc", "saber-decimal-wrapped", "saber-swappable"],
      "extensions": {
        "assetContract": "CDJWUqTcYTVAKXAVXoQZFes5JUFc7owSeq7eMQcDSbo5",
        "coingeckoId": "renbtc",
        "underlyingTokens": ["CDJWUqTcYTVAKXAVXoQZFes5JUFc7owSeq7eMQcDSbo5"],
        "currency": "BTC"
      }
    },
    {
      "chainId": 101,
      "address": "9n4nbM75f5Ui33ZbPYXn59EwSgE8CGsHtAeTH5YFeJ9E",
      "symbol": "BTC",
      "name": "Wrapped Bitcoin (Sollet)",
      "decimals": 6,
      "logoURI": "https://spl-token-icons.static-assets.ship.capital/icons/101/9n4nbM75f5Ui33ZbPYXn59EwSgE8CGsHtAeTH5YFeJ9E.png",
      "tags": ["wrapped-sollet", "ethereum", "saber-market-btc"],
      "extensions": {
        "bridgeContract": "https://etherscan.io/address/0xeae57ce9cc1984f202e15e038b964bb8bdf7229a",
        "serumV3Usdc": "A8YFbxQYFVqKZaoYJLLUVcQiWP7G2MeEgW5wsAQgMvFw",
        "serumV3Usdt": "C1EuT9VokAKLiW7i2ASnZUvxDoKuKkCpDDeNxAptuNe4",
        "coingeckoId": "bitcoin",
        "currency": "BTC"
      }
    },
    {
      "name": "Saber Wrapped Wrapped Bitcoin (Sollet) (8 decimals)",
      "address": "SBTCB6pWqeDo6zGi9WVRMLCsKsN6JiR1RMUqvLtgSRv",
      "decimals": 8,
      "symbol": "sBTC-8",
      "chainId": 101,
      "logoURI": "https://spl-token-icons.static-assets.ship.capital/icons/101/9n4nbM75f5Ui33ZbPYXn59EwSgE8CGsHtAeTH5YFeJ9E.png",
      "tags": [
        "wrapped-sollet",
        "ethereum",
        "saber-market-btc",
        "saber-decimal-wrapped",
        "saber-swappable"
      ],
      "extensions": {
        "assetContract": "9n4nbM75f5Ui33ZbPYXn59EwSgE8CGsHtAeTH5YFeJ9E",
        "coingeckoId": "bitcoin",
        "underlyingTokens": ["9n4nbM75f5Ui33ZbPYXn59EwSgE8CGsHtAeTH5YFeJ9E"],
        "currency": "BTC"
      }
    },
    {
      "name": "Saber Wrapped Wrapped Bitcoin (Sollet) (9 decimals)",
      "address": "9999j2A8sXUtHtDoQdk528oVzhaKBsXyRGZ67FKGoi7H",
      "decimals": 9,
      "symbol": "sBTC-9",
      "chainId": 101,
      "logoURI": "https://spl-token-icons.static-assets.ship.capital/icons/101/9n4nbM75f5Ui33ZbPYXn59EwSgE8CGsHtAeTH5YFeJ9E.png",
      "tags": [
        "wrapped-sollet",
        "ethereum",
        "saber-market-btc",
        "saber-decimal-wrapped",
        "saber-swappable"
      ],
      "extensions": {
        "assetContract": "9n4nbM75f5Ui33ZbPYXn59EwSgE8CGsHtAeTH5YFeJ9E",
        "coingeckoId": "bitcoin",
        "underlyingTokens": ["9n4nbM75f5Ui33ZbPYXn59EwSgE8CGsHtAeTH5YFeJ9E"],
        "currency": "BTC"
      }
    },
    {
      "address": "DYDWu4hE4MN3aH897xQ3sRTs5EAjJDmQsKLNhbpUiKun",
      "symbol": "pBTC",
      "name": "pBTC (Parrot BTC)",
      "decimals": 8,
      "logoURI": "https://spl-token-icons.static-assets.ship.capital/icons/101/DYDWu4hE4MN3aH897xQ3sRTs5EAjJDmQsKLNhbpUiKun.svg",
      "tags": [
        "stablecoin",
        "saber-market-btc",
        "saber-swappable",
        "saber-market-btc",
        "saber-swappable"
      ],
      "extensions": {
        "website": "https://parrot.fi",
        "twitter": "https://twitter.com/gopartyparrot",
        "telegram": "https://t.me/gopartyparrot",
        "medium": "https://gopartyparrot.medium.com/",
        "discord": "https://discord.gg/gopartyparrot",
        "currency": "BTC"
      },
      "chainId": 101
    },
    {
      "chainId": 101,
      "address": "8wv2KAykQstNAj2oW6AHANGBiFKVFhvMiyyzzjhkmGvE",
      "symbol": "renLUNA",
      "name": "renLUNA",
      "decimals": 6,
      "logoURI": "https://spl-token-icons.static-assets.ship.capital/icons/101/8wv2KAykQstNAj2oW6AHANGBiFKVFhvMiyyzzjhkmGvE.png",
      "tags": ["saber-market-luna", "saber-swappable"],
      "extensions": {
        "website": "https://renproject.io/",
        "serumV3Usdc": "CxDhLbbM9uAA2AXfSPar5qmyfmC69NLj3vgJXYAsSVBT",
        "currency": "LUNA"
      }
    },
    {
      "name": "Saber Wrapped renLUNA (9 decimals)",
      "address": "KUANeD8EQvwpT1W7QZDtDqctLEh2FfSTy5pThE9CogT",
      "decimals": 9,
      "symbol": "srenLUNA-9",
      "chainId": 101,
      "logoURI": "https://spl-token-icons.static-assets.ship.capital/icons/101/8wv2KAykQstNAj2oW6AHANGBiFKVFhvMiyyzzjhkmGvE.png",
      "tags": ["saber-market-luna", "saber-decimal-wrapped", "saber-swappable"],
      "extensions": {
        "assetContract": "8wv2KAykQstNAj2oW6AHANGBiFKVFhvMiyyzzjhkmGvE",
        "underlyingTokens": ["8wv2KAykQstNAj2oW6AHANGBiFKVFhvMiyyzzjhkmGvE"],
        "currency": "LUNA"
      }
    },
    {
      "chainId": 101,
      "address": "mSoLzYCxHdYgdzU16g5QSh3i5K3z3KZK7ytfqcJm7So",
      "symbol": "mSOL",
      "name": "Marinade staked SOL (mSOL)",
      "decimals": 9,
      "logoURI": "https://spl-token-icons.static-assets.ship.capital/icons/101/mSoLzYCxHdYgdzU16g5QSh3i5K3z3KZK7ytfqcJm7So.png",
      "tags": ["saber-market-sol", "saber-swappable"],
      "extensions": {
        "coingeckoId": "msol",
        "website": "https://marinade.finance",
        "twitter": "https://twitter.com/MarinadeFinance",
        "discord": "https://discord.gg/mGqZA5pjRN",
        "medium": "https://medium.com/marinade-finance",
        "github": "https://github.com/marinade-finance",
        "serumV3Usdc": "6oGsL2puUgySccKzn9XA9afqF217LfxP5ocq4B3LWsjy",
        "currency": "SOL"
      }
    },
    {
      "chainId": 101,
      "address": "So11111111111111111111111111111111111111112",
      "symbol": "SOL",
      "name": "Wrapped SOL",
      "decimals": 9,
      "logoURI": "https://spl-token-icons.static-assets.ship.capital/icons/101/So11111111111111111111111111111111111111112.png",
      "tags": ["saber-market-sol", "saber-swappable"],
      "extensions": {
        "website": "https://solana.com/",
        "serumV3Usdc": "9wFFyRfZBsuAha4YcuxcXLKwMxJR43S7fPfQLusDBzvT",
        "serumV3Usdt": "HWHvQhFmJB3NUcu1aihKmrKegfVxBEHzwVX6yZCKEsi1",
        "coingeckoId": "solana",
        "currency": "SOL"
      }
    },
    {
      "symbol": "prtSOL",
      "name": "Parrot Stake Pool SOL",
      "logoURI": "https://registry.saber.so/token-icons/prtsol.svg",
      "address": "BdZPG9xWrG3uFrx2KrUW1jT4tZ9VKPDWknYihzoPRJS3",
      "decimals": 9,
      "extensions": { "coingeckoId": "solana", "currency": "SOL" },
      "chainId": 101,
      "tags": ["saber-market-sol", "saber-swappable"]
    },
    {
      "address": "9EaLkQrbjmbbuZG9Wdpo8qfNUEjHATJFSycEmw6f1rGX",
      "symbol": "pSOL",
      "name": "pSOL (Parrot SOL)",
      "decimals": 9,
      "logoURI": "https://spl-token-icons.static-assets.ship.capital/icons/101/9EaLkQrbjmbbuZG9Wdpo8qfNUEjHATJFSycEmw6f1rGX.svg",
      "tags": ["stablecoin", "saber-market-sol", "saber-swappable"],
      "extensions": {
        "website": "https://parrot.fi",
        "twitter": "https://twitter.com/gopartyparrot",
        "telegram": "https://t.me/gopartyparrot",
        "medium": "https://gopartyparrot.medium.com/",
        "discord": "https://discord.gg/gopartyparrot",
        "currency": "SOL"
      },
      "chainId": 101
    },
    {
      "chainId": 101,
      "address": "7dHbWXmci3dT8UFYWYZweBLXgycu7Y3iL6trKn1Y7ARj",
      "symbol": "stSOL",
      "name": "Lido Staked SOL",
      "decimals": 9,
      "logoURI": "https://spl-token-icons.static-assets.ship.capital/icons/101/7dHbWXmci3dT8UFYWYZweBLXgycu7Y3iL6trKn1Y7ARj.png",
      "tags": ["saber-market-sol", "saber-swappable"],
      "extensions": {
        "website": "https://solana.lido.fi/",
        "twitter": "https://twitter.com/LidoFinance/",
        "currency": "SOL"
      }
    },
    {
      "chainId": 101,
      "address": "5oVNBeEEQvYi1cX3ir8Dx5n1P7pdxydbGF2X4TxVusJm",
      "symbol": "scnSOL",
      "name": "Socean staked SOL",
      "decimals": 9,
      "logoURI": "https://spl-token-icons.static-assets.ship.capital/icons/101/5oVNBeEEQvYi1cX3ir8Dx5n1P7pdxydbGF2X4TxVusJm.png",
      "tags": ["stake-pool", "saber-market-sol", "saber-swappable"],
      "extensions": {
        "discord": "https://discord.gg/k8ZcW27bq9/",
        "medium": "https://medium.com/@soceanfinance/",
        "twitter": "https://twitter.com/soceanfinance/",
        "website": "https://socean.fi/",
        "coingeckoId": "socean-staked-sol",
        "currency": "SOL"
      }
    },
    {
      "chainId": 101,
      "address": "Saber2gLauYim4Mvftnrasomsv6NvAuncvMEZwcLpD1",
      "symbol": "SBR",
      "name": "Saber Protocol Token",
      "decimals": 6,
      "logoURI": "https://spl-token-icons.static-assets.ship.capital/icons/101/Saber2gLauYim4Mvftnrasomsv6NvAuncvMEZwcLpD1.svg",
      "waterfallbot": "https://bit.ly/SBRwaterfall",
      "tags": ["saber-hidden"],
      "extensions": {
        "website": "https://saber.so",
        "twitter": "https://twitter.com/saber_hq",
        "github": "https://github.com/saber-hq",
        "medium": "https://blog.saber.so",
        "discord": "https://chat.saber.so",
        "serumV3Usdc": "HXBi8YBwbh4TXF6PjVw81m8Z3Cc4WBofvauj5SBFdgUs",
        "coingeckoId": "saber"
      }
    },
    {
      "symbol": "sbrUSDCUSDT",
      "name": "USDT-USDC Saber LP",
      "logoURI": "https://registry.saber.so/token-icons/slp.png",
      "decimals": 6,
      "address": "2poo1w1DL6yd2WNTCnNTzDqkC6MBXq7axo77P16yrBuf",
      "chainId": 101,
      "tags": ["saber-stableswap-lp"],
      "extensions": {
        "website": "https://app.saber.so/#/pools/usdc_usdt",
        "underlyingTokens": [
          "EPjFWdd5AufqSSqeM2qN1xzybapC8G4wEGGkZwyTDt1v",
          "Es9vMFrzaCERmJfrF4H2FYD4KCoNkY11McCe8BenwNYB"
        ],
        "source": "saber"
      }
    },
    {
      "symbol": "sbrPAIUSDC",
      "name": "PAI-USDC Saber LP",
      "logoURI": "https://registry.saber.so/token-icons/slp.png",
      "decimals": 6,
      "address": "PaiYwHYxr4SsEWox9YmyBNJmxVG7GdauirbBcYGB7cJ",
      "chainId": 101,
      "tags": ["saber-stableswap-lp"],
      "extensions": {
        "website": "https://app.saber.so/#/pools/usdc_pai",
        "underlyingTokens": [
          "Ea5SjE2Y6yvCeW5dYTn7PYMuW5ikXkvbGdcmSnXeaLjS",
          "EPjFWdd5AufqSSqeM2qN1xzybapC8G4wEGGkZwyTDt1v"
        ],
        "source": "saber"
      }
    },
    {
      "symbol": "sbrrenBTCsBTC-8",
      "name": "BTC-renBTC Saber LP",
      "logoURI": "https://registry.saber.so/token-icons/slp.png",
      "decimals": 8,
      "address": "SLPbsNrLHv8xG4cTc4R5Ci8kB9wUPs6yn6f7cKosoxs",
      "chainId": 101,
      "tags": ["saber-stableswap-lp"],
      "extensions": {
        "website": "https://app.saber.so/#/pools/btc",
        "underlyingTokens": [
          "CDJWUqTcYTVAKXAVXoQZFes5JUFc7owSeq7eMQcDSbo5",
          "SBTCB6pWqeDo6zGi9WVRMLCsKsN6JiR1RMUqvLtgSRv"
        ],
        "source": "saber"
      }
    },
    {
      "symbol": "sbrrenBTCpBTC",
      "name": "pBTC-renBTC Saber LP",
      "logoURI": "https://registry.saber.so/token-icons/slp.png",
      "decimals": 8,
      "address": "pBTCmyG7FaZx4uk3Q2pT5jHKWmWDn84npdc7gZXpQ1x",
      "chainId": 101,
      "tags": ["saber-stableswap-lp"],
      "extensions": {
        "website": "https://app.saber.so/#/pools/pbtc",
        "underlyingTokens": [
          "CDJWUqTcYTVAKXAVXoQZFes5JUFc7owSeq7eMQcDSbo5",
          "DYDWu4hE4MN3aH897xQ3sRTs5EAjJDmQsKLNhbpUiKun"
        ],
        "source": "saber"
      }
    },
    {
      "symbol": "sbrxUSDUSDC",
      "name": "xUSD-USDC Saber LP",
      "logoURI": "https://registry.saber.so/token-icons/slp.png",
      "decimals": 6,
      "address": "XUSDfnsgc2QYXRdbPAbMWoXCbBCCspRSvoGJ8o7RV9n",
      "chainId": 101,
      "tags": ["saber-stableswap-lp", "saber-lp-synthetify"],
      "extensions": {
        "website": "https://app.saber.so/#/pools/xusd",
        "underlyingTokens": [
          "83LGLCm7QKpYZbX8q4W2kYWbtt8NJBwbVwEepzkVnJ9y",
          "EPjFWdd5AufqSSqeM2qN1xzybapC8G4wEGGkZwyTDt1v"
        ],
        "source": "saber"
      }
    },
    {
      "symbol": "sbrxSOLSOL",
      "name": "xSOL-SOL Saber LP",
      "logoURI": "https://registry.saber.so/token-icons/slp.png",
      "decimals": 9,
      "address": "xSoLVBNztDTUW8Kou2GJinHoe54Siu9Sk3e2uoU9aUi",
      "chainId": 101,
      "tags": ["saber-stableswap-lp", "saber-lp-synthetify"],
      "extensions": {
        "website": "https://app.saber.so/#/pools/xsol",
        "underlyingTokens": [
          "BdUJucPJyjkHxLMv6ipKNUhSeY3DWrVtgxAES1iSBAov",
          "So11111111111111111111111111111111111111112"
        ],
        "source": "saber"
      }
    },
    {
      "symbol": "sbrxFTTwFTT",
      "name": "xFTT-wFTT Saber LP",
      "logoURI": "https://registry.saber.so/token-icons/slp.png",
      "decimals": 8,
      "address": "xFTTLsMdN28XHtYTTTVWYz5zwXWBm5r1WTuZ7Cc7SyA",
      "chainId": 101,
      "tags": ["saber-stableswap-lp", "saber-lp-synthetify"],
      "extensions": {
        "website": "https://app.saber.so/#/pools/xftt",
        "underlyingTokens": [
          "Fr3W7NPVvdVbwMcHgA7Gx2wUxP43txdsn3iULJGFbKz9",
          "EzfgjvkSwthhgHaceR3LnKXUoRkP6NUhfghdaHAj1tUv"
        ],
        "source": "saber"
      }
    },
    {
      "symbol": "sbrxETHswhETH-9",
      "name": "xETH-whETH Saber LP",
      "logoURI": "https://registry.saber.so/token-icons/slp.png",
      "decimals": 9,
      "address": "xETH89889mVRwsw9tSUnULsdLUPryTpijagy2YXxWyY",
      "chainId": 101,
      "tags": ["saber-stableswap-lp", "saber-lp-synthetify"],
      "extensions": {
        "website": "https://app.saber.so/#/pools/xeth",
        "underlyingTokens": [
          "8bqjz8DeSuim1sEAsQatjJN4zseyxSPdhHQcuuhL8PCK",
          "KNVfdSJyq1pRQk9AKKv1g5uyGuk6wpm4WG16Bjuwdma"
        ],
        "source": "saber"
      }
    },
    {
      "symbol": "sbrxBTCsrenBTC-10",
      "name": "xBTC-renBTC Saber LP",
      "logoURI": "https://registry.saber.so/token-icons/slp.png",
      "decimals": 10,
      "address": "xBTCPvRuEuRgz5DuuUd3ju3VP5XtR2Dsu1AxyW9JpXK",
      "chainId": 101,
      "tags": ["saber-stableswap-lp", "saber-lp-synthetify"],
      "extensions": {
        "website": "https://app.saber.so/#/pools/xbtc",
        "underlyingTokens": [
          "HWxpSV3QAGzLQzGAtvhSYAEr7sTQugQygnni1gnUGh1D",
          "BtX7AfzEJLnU8KQR1AgHrhGH5s2AHUTbfjhUQP8BhPvi"
        ],
        "source": "saber"
      }
    },
    {
      "symbol": "sbrsUSDC-9wUST_V1",
      "name": "wUST_V1-USDC Saber LP",
      "logoURI": "https://registry.saber.so/token-icons/slp.png",
      "decimals": 9,
      "address": "UST32f2JtPGocLzsL41B3VBBoJzTm1mK1j3rwyM3Wgc",
      "chainId": 101,
      "tags": ["saber-stableswap-lp", "saber-lp-wormhole-v1"],
      "extensions": {
        "website": "https://app.saber.so/#/pools/ust",
        "underlyingTokens": [
          "JEFFSQ3s8T3wKsvp4tnRAsUBW7Cqgnf8ukBZC4C8XBm1",
          "CXLBjMMcwkc17GfJtBos6rQCo1ypeH6eDbB82Kby4MRm"
        ],
        "source": "saber"
      }
    },
    {
      "symbol": "sbrwDAI_V1sUSDC-9",
      "name": "wDAI_V1-USDC Saber LP",
      "logoURI": "https://registry.saber.so/token-icons/slp.png",
      "decimals": 9,
      "address": "Daimhb91DY4e3aVaa7YCW5GgwaMT9j1ALSi2GriBvDNh",
      "chainId": 101,
      "tags": ["saber-stableswap-lp", "saber-lp-wormhole-v1"],
      "extensions": {
        "website": "https://app.saber.so/#/pools/dai",
        "underlyingTokens": [
          "FYpdBuyAHSbdaAyD1sKkxyLWbAP8uUW9h6uvdhK74ij1",
          "JEFFSQ3s8T3wKsvp4tnRAsUBW7Cqgnf8ukBZC4C8XBm1"
        ],
        "source": "saber"
      }
    },
    {
      "symbol": "sbrwBUSD_V1sUSDC-9",
      "name": "wBUSD_V1-USDC Saber LP",
      "logoURI": "https://registry.saber.so/token-icons/slp.png",
      "decimals": 9,
      "address": "BUSDaZjarCrQJLeHpWi7aLaKptdR1S8DFpwdDuuZu9p3",
      "chainId": 101,
      "tags": ["saber-stableswap-lp", "saber-lp-wormhole-v1"],
      "extensions": {
        "website": "https://app.saber.so/#/pools/busd",
        "underlyingTokens": [
          "AJ1W9A9N9dEMdVyoDiam2rV44gnBm2csrPDP7xqcapgX",
          "JEFFSQ3s8T3wKsvp4tnRAsUBW7Cqgnf8ukBZC4C8XBm1"
        ],
        "source": "saber"
      }
    },
    {
      "symbol": "sbrwLUNA_V1srenLUNA-9",
      "name": "wLUNA_V1-renLUNA Saber LP",
      "logoURI": "https://registry.saber.so/token-icons/slp.png",
      "decimals": 9,
      "address": "LUNkiLcb2wxcqULmJvMjuM6YQhpFBadG5KZBe7qBpSE",
      "chainId": 101,
      "tags": ["saber-stableswap-lp", "saber-lp-wormhole-v1"],
      "extensions": {
        "website": "https://app.saber.so/#/pools/luna",
        "underlyingTokens": [
          "2Xf2yAXJfg82sWwdLUo2x9mZXy6JCdszdMZkcF1Hf4KV",
          "KUANeD8EQvwpT1W7QZDtDqctLEh2FfSTy5pThE9CogT"
        ],
        "source": "saber"
      }
    },
    {
      "symbol": "sbrwFRAX_V1sUSDC-9",
      "name": "wFRAX_V1-USDC Saber LP",
      "logoURI": "https://registry.saber.so/token-icons/slp.png",
      "decimals": 9,
      "address": "FRAXXvt2ucEsxYPK4nufDy5zKhb2xysieqRBE1dQTqnK",
      "chainId": 101,
      "tags": ["saber-stableswap-lp", "saber-lp-wormhole-v1"],
      "extensions": {
        "website": "https://app.saber.so/#/pools/frax",
        "underlyingTokens": [
          "8L8pDf3jutdpdr4m3np68CL9ZroLActrqwxi6s9Ah5xU",
          "JEFFSQ3s8T3wKsvp4tnRAsUBW7Cqgnf8ukBZC4C8XBm1"
        ],
        "source": "saber"
      }
    },
    {
      "symbol": "sbrwHBTC_V1srenBTC-9",
      "name": "wHBTC_V1-renBTC Saber LP",
      "logoURI": "https://registry.saber.so/token-icons/slp.png",
      "decimals": 9,
      "address": "HBTCNvkwjMsEtwe2PeXUuMcu8C4Hobw6HDP2m6vpWHGo",
      "chainId": 101,
      "tags": ["saber-stableswap-lp", "saber-lp-wormhole-v1"],
      "extensions": {
        "website": "https://app.saber.so/#/pools/hbtc",
        "underlyingTokens": [
          "8pBc4v9GAwCBNWPB5XKA93APexMGAS4qMr37vNke9Ref",
          "FACTQhZBfRzC7A76antnpAoZtiwYmUfdAN8wz7e8rxC5"
        ],
        "source": "saber"
      }
    },
    {
      "symbol": "sbrwHUSD_V1sUSDC-8",
      "name": "wHUSD_V1-USDC Saber LP",
      "logoURI": "https://registry.saber.so/token-icons/slp.png",
      "decimals": 8,
      "address": "HUSDgP5YieANhAAHD42yivX9aFS1zbodTut2Dvvkj8QS",
      "chainId": 101,
      "tags": ["saber-stableswap-lp", "saber-lp-wormhole-v1"],
      "extensions": {
        "website": "https://app.saber.so/#/pools/husd",
        "underlyingTokens": [
          "BybpSTBoZHsmKnfxYG47GDhVPKrnEKX31CScShbrzUhX",
          "88881Hu2jGMfCs9tMu5Rr7Ah7WBNBuXqde4nR5ZmKYYy"
        ],
        "source": "saber"
      }
    },
    {
      "symbol": "sbrwUSDK_V1sUSDC-9",
      "name": "wUSDK_V1-USDC Saber LP",
      "logoURI": "https://registry.saber.so/token-icons/slp.png",
      "decimals": 9,
      "address": "uSdKg2Cs5bCtFSeNXs7aRVNzZJauX58eCkdsfssxTdW",
      "chainId": 101,
      "tags": ["saber-stableswap-lp", "saber-lp-wormhole-v1"],
      "extensions": {
        "website": "https://app.saber.so/#/pools/usdk",
        "underlyingTokens": [
          "2kycGCD8tJbrjJJqWN2Qz5ysN9iB4Bth3Uic4mSB7uak",
          "JEFFSQ3s8T3wKsvp4tnRAsUBW7Cqgnf8ukBZC4C8XBm1"
        ],
        "source": "saber"
      }
    },
    {
      "symbol": "sbrwFTT_V1sFTT-9",
      "name": "wFTT_V1-FTT Saber LP",
      "logoURI": "https://registry.saber.so/token-icons/slp.png",
      "decimals": 9,
      "address": "FTXdV5wFFhceKjcd1JRrRQTT2uB7ruMerAqbj2rj1Mz7",
      "chainId": 101,
      "tags": ["saber-stableswap-lp", "saber-lp-wormhole-v1"],
      "extensions": {
        "website": "https://app.saber.so/#/pools/ftt",
        "underlyingTokens": [
          "GbBWwtYTMPis4VHb8MrBbdibPhn28TSrLB53KvUmb7Gi",
          "FTT9rBBrYwcHam4qLvkzzzhrsihYMbZ3k6wJbdoahxAt"
        ],
        "source": "saber"
      }
    },
    {
      "symbol": "sbrwSRM_V1SRM",
      "name": "wSRM_V1-SRM Saber LP",
      "logoURI": "https://registry.saber.so/token-icons/slp.png",
      "decimals": 6,
      "address": "SRMKjSJpBHJ5gSVTrimci49SnXc1LVkBi9TGF9RNYdp",
      "chainId": 101,
      "tags": ["saber-stableswap-lp", "saber-lp-wormhole-v1"],
      "extensions": {
        "website": "https://app.saber.so/#/pools/srm",
        "underlyingTokens": [
          "2jXy799YnEcRXneFo2GEAB6SDRsAa767HpWmktRr1DaP",
          "SRMuApVNdxXokk5GT7XD5cUUgXMBCoAz2LHeuAoKWRt"
        ],
        "source": "saber"
      }
    },
    {
      "symbol": "sbrwibBTC_V1sBTC-9",
      "name": "wibBTC_V1-BTC Saber LP",
      "logoURI": "https://registry.saber.so/token-icons/slp.png",
      "decimals": 9,
      "address": "BADGsQo6rTxKZuqkY1kSoqhriQwZW3ZVgyPjgDk9mvyo",
      "chainId": 101,
      "tags": ["saber-stableswap-lp", "saber-lp-wormhole-v1"],
      "extensions": {
        "website": "https://app.saber.so/#/pools/ibbtc",
        "underlyingTokens": [
          "66CgfJQoZkpkrEgC1z4vFJcSFc4V6T5HqbjSSNuqcNJz",
          "9999j2A8sXUtHtDoQdk528oVzhaKBsXyRGZ67FKGoi7H"
        ],
        "source": "saber"
      }
    },
    {
      "symbol": "sbrwibBTC_V1srenBTC-9",
      "name": "wibBTC_V1-renBTC Saber LP",
      "logoURI": "https://registry.saber.so/token-icons/slp.png",
      "decimals": 9,
      "address": "BRENm9SgYJZuCxM4ZJiH6CmZqEBn4MLpD9cnBZDnJgeT",
      "chainId": 101,
      "tags": ["saber-stableswap-lp", "saber-lp-wormhole-v1"],
      "extensions": {
        "website": "https://app.saber.so/#/pools/ibbtc_ren",
        "underlyingTokens": [
          "66CgfJQoZkpkrEgC1z4vFJcSFc4V6T5HqbjSSNuqcNJz",
          "FACTQhZBfRzC7A76antnpAoZtiwYmUfdAN8wz7e8rxC5"
        ],
        "source": "saber"
      }
    },
    {
      "symbol": "sbrweBUSDsUSDC-8",
      "name": "weBUSD-USDC Saber LP",
      "logoURI": "https://registry.saber.so/token-icons/slp.png",
      "decimals": 8,
      "address": "BSCNZ4GLnpZYv4BLk5edymk4qty8a6ZpiMbfvtv9gAzL",
      "chainId": 101,
      "tags": ["saber-stableswap-lp", "saber-lp-wormhole-v2"],
      "extensions": {
        "website": "https://app.saber.so/#/pools/webusd",
        "underlyingTokens": [
          "33fsBLA8djQm82RpHmE3SuVrPGtZBWNYExsEUeKX1HXX",
          "88881Hu2jGMfCs9tMu5Rr7Ah7WBNBuXqde4nR5ZmKYYy"
        ],
        "source": "saber"
      }
    },
    {
      "symbol": "sbrweUSDCUSDC",
      "name": "weUSDC-USDC Saber LP",
      "logoURI": "https://registry.saber.so/token-icons/slp.png",
      "decimals": 6,
      "address": "USDCgfM1psLGhAbx99iPA72mTySvUcVq33qhCJpm65c",
      "chainId": 101,
      "tags": ["saber-stableswap-lp", "saber-lp-wormhole-v2"],
      "extensions": {
        "website": "https://app.saber.so/#/pools/weusdc",
        "underlyingTokens": [
          "A9mUU4qviSctJVPJdBJWkb28deg915LYJKrzQ19ji3FM",
          "EPjFWdd5AufqSSqeM2qN1xzybapC8G4wEGGkZwyTDt1v"
        ],
        "source": "saber"
      }
    },
    {
      "symbol": "sbrweUSDTUSDT",
      "name": "weUSDT-USDT Saber LP",
      "logoURI": "https://registry.saber.so/token-icons/slp.png",
      "decimals": 6,
      "address": "USDTJZL2vH92K5QeCvQTTzvMXUYAdvk3v46CwZyfsue",
      "chainId": 101,
      "tags": ["saber-stableswap-lp", "saber-lp-wormhole-v2"],
      "extensions": {
        "website": "https://app.saber.so/#/pools/weusdt",
        "underlyingTokens": [
          "Dn4noZ5jgGfkntzcQSUZ8czkreiZ1ForXYoV2H8Dm7S1",
          "Es9vMFrzaCERmJfrF4H2FYD4KCoNkY11McCe8BenwNYB"
        ],
        "source": "saber"
      }
    },
    {
      "symbol": "sbrwUSDKsUSDC-8",
      "name": "wUSDK-USDC Saber LP",
      "logoURI": "https://registry.saber.so/token-icons/slp.png",
      "decimals": 8,
      "address": "USDKKmk1anWU1aEn6GJ6skL3ZvcB9CBAWVkmPGQEHtz",
      "chainId": 101,
      "tags": ["saber-stableswap-lp", "saber-lp-wormhole-v2"],
      "extensions": {
        "website": "https://app.saber.so/#/pools/wusdk",
        "underlyingTokens": [
          "43m2ewFV5nDepieFjT9EmAQnc1HRtAF247RBpLGFem5F",
          "88881Hu2jGMfCs9tMu5Rr7Ah7WBNBuXqde4nR5ZmKYYy"
        ],
        "source": "saber"
      }
    },
    {
      "symbol": "sbrwHUSDsUSDC-8",
      "name": "wHUSD-USDC Saber LP",
      "logoURI": "https://registry.saber.so/token-icons/slp.png",
      "decimals": 8,
      "address": "HUSzWddUQbavKn24cjozm65eps8rq9yhNn5edtTLWfdz",
      "chainId": 101,
      "tags": ["saber-stableswap-lp", "saber-lp-wormhole-v2"],
      "extensions": {
        "website": "https://app.saber.so/#/pools/whusd",
        "underlyingTokens": [
          "7VQo3HFLNH5QqGtM8eC3XQbPkJUu7nS9LeGWjerRh5Sw",
          "88881Hu2jGMfCs9tMu5Rr7Ah7WBNBuXqde4nR5ZmKYYy"
        ],
        "source": "saber"
      }
    },
    {
      "symbol": "sbrwDAIsUSDC-8",
      "name": "wDAI-USDC Saber LP",
      "logoURI": "https://registry.saber.so/token-icons/slp.png",
      "decimals": 8,
      "address": "DAihWEjhBc8LEmV1rEekTaiC2zqE5ex7nEFkmoe1Ppp3",
      "chainId": 101,
      "tags": ["saber-stableswap-lp", "saber-lp-wormhole-v2"],
      "extensions": {
        "website": "https://app.saber.so/#/pools/wdai",
        "underlyingTokens": [
          "EjmyN6qEC1Tf1JxiG1ae7UTJhUxSwk1TCWNWqxWV4J6o",
          "88881Hu2jGMfCs9tMu5Rr7Ah7WBNBuXqde4nR5ZmKYYy"
        ],
        "source": "saber"
      }
    },
    {
      "symbol": "sbrwFRAXsUSDC-8",
      "name": "wFRAX-USDC Saber LP",
      "logoURI": "https://registry.saber.so/token-icons/slp.png",
      "decimals": 8,
      "address": "FRXsjEv4jF3r72FgbCXu8uLbPoZGLmCmg3EN1S3cfC4x",
      "chainId": 101,
      "tags": ["saber-stableswap-lp", "saber-lp-wormhole-v2"],
      "extensions": {
        "website": "https://app.saber.so/#/pools/wfrax",
        "underlyingTokens": [
          "FR87nWEUxVgerFGhZM8Y4AggKGLnaXswr1Pd8wZ4kZcp",
          "88881Hu2jGMfCs9tMu5Rr7Ah7WBNBuXqde4nR5ZmKYYy"
        ],
        "source": "saber"
      }
    },
    {
      "symbol": "sbrsETH-8whETH",
      "name": "ETH-whETH Saber LP",
      "logoURI": "https://registry.saber.so/token-icons/slp.png",
      "decimals": 8,
      "address": "WTHPuMavN9HBvgUafjrL65WqQytQHDwnTAmdFB9whXA",
      "chainId": 101,
      "tags": ["saber-stableswap-lp", "saber-lp-wormhole-v2"],
      "extensions": {
        "website": "https://app.saber.so/#/pools/wheth",
        "underlyingTokens": [
          "SL819j8K9FuFPL84UepVcFkEZqDUUvVzwDmJjCHySYj",
          "7vfCXTUXx5WJV5JADk17DUJ4ksgau7utNKj4b963voxs"
        ],
        "source": "saber"
      }
    },
    {
      "symbol": "sbraeFTTswFTT-9",
      "name": "aeFTT-wFTT Saber LP",
      "logoURI": "https://registry.saber.so/token-icons/slp.png",
      "decimals": 9,
      "address": "FTXjwjwWqituSXEHnL5VF1mjDhZoAyJqvHiRPsRq3KWK",
      "chainId": 101,
      "tags": ["saber-stableswap-lp", "saber-lp-wormhole-v2"],
      "extensions": {
        "website": "https://app.saber.so/#/pools/wftt",
        "underlyingTokens": [
          "BFsCwfk8VsEbSfLkkgmoKsAPk2N6FMJjeTsuxfGa9VEf",
          "FTT9GrHBVHvDeUTgLU8FxVJouGqg9uiWGmmjETdm32Sx"
        ],
        "source": "saber"
      }
    },
    {
      "symbol": "sbrwUSTUSDC",
      "name": "wUST-USDC Saber LP",
      "logoURI": "https://registry.saber.so/token-icons/slp.png",
      "decimals": 6,
      "address": "USTCmQpbUGj5iTsXdnTYHZupY1QpftDZhLokSVk6UWi",
      "chainId": 101,
      "tags": ["saber-stableswap-lp", "saber-lp-wormhole-v2"],
      "extensions": {
        "website": "https://app.saber.so/#/pools/wust",
        "underlyingTokens": [
          "9vMJfxuKxXBoEa7rM12mYLMwTacLMLDJqHozw96WQL8i",
          "EPjFWdd5AufqSSqeM2qN1xzybapC8G4wEGGkZwyTDt1v"
        ],
        "source": "saber"
      }
    },
    {
      "symbol": "sbrwLUNArenLUNA",
      "name": "wLUNA-renLUNA Saber LP",
      "logoURI": "https://registry.saber.so/token-icons/slp.png",
      "decimals": 6,
      "address": "LUN1p1dZwSBgTv1JSdn2apdUuLanHKtgNcnpDydVFTU",
      "chainId": 101,
      "tags": ["saber-stableswap-lp", "saber-lp-wormhole-v2"],
      "extensions": {
        "website": "https://app.saber.so/#/pools/wluna",
        "underlyingTokens": [
          "F6v4wfAdJB8D8p77bMXZgYt8TDKsYxLYxH5AFhUkYx9W",
          "8wv2KAykQstNAj2oW6AHANGBiFKVFhvMiyyzzjhkmGvE"
        ],
        "source": "saber"
      }
    },
    {
      "symbol": "sbracUSDsUSDC-9",
      "name": "acUSD-USDC Saber LP",
      "logoURI": "https://registry.saber.so/token-icons/slp.png",
      "decimals": 9,
      "address": "cUSDDDBZRhpDW7eyUUPMuw6u1SiMnzu6i7movwf5jxk",
      "chainId": 101,
      "tags": ["saber-stableswap-lp", "saber-lp-allbridge"],
      "extensions": {
        "website": "https://app.saber.so/#/pools/acusd",
        "underlyingTokens": [
          "EwxNF8g9UfmsJVcZFTpL9Hx5MCkoQFoJi6XNWzKf1j8e",
          "JEFFSQ3s8T3wKsvp4tnRAsUBW7Cqgnf8ukBZC4C8XBm1"
        ],
        "source": "saber"
      }
    },
    {
      "symbol": "sbrapUSDTUSDT",
      "name": "apUSDT-USDT Saber LP",
      "logoURI": "https://registry.saber.so/token-icons/slp.png",
      "decimals": 6,
      "address": "PLYJZgSkcV8UXTWhTyf2WLCMeBoZum1Y4rXgXkoYiNj",
      "chainId": 101,
      "tags": ["saber-stableswap-lp", "saber-lp-allbridge"],
      "extensions": {
        "website": "https://app.saber.so/#/pools/apusdt",
        "underlyingTokens": [
          "DNhZkUaxHXYvpxZ7LNnHtss8sQgdAfd1ZYS1fB7LKWUZ",
          "Es9vMFrzaCERmJfrF4H2FYD4KCoNkY11McCe8BenwNYB"
        ],
        "source": "saber"
      }
    },
    {
      "symbol": "sbrapUSDCUSDC",
      "name": "apUSDC-USDC Saber LP",
      "logoURI": "https://registry.saber.so/token-icons/slp.png",
      "decimals": 6,
      "address": "APUVVYA8Xf7T1PqLyDvNxLtwQ9rRDf3RUxfMttreVzHP",
      "chainId": 101,
      "tags": ["saber-stableswap-lp", "saber-lp-allbridge"],
      "extensions": {
        "website": "https://app.saber.so/#/pools/apusdc",
        "underlyingTokens": [
          "eqKJTf1Do4MDPyKisMYqVaUFpkEFAs3riGF3ceDH2Ca",
          "EPjFWdd5AufqSSqeM2qN1xzybapC8G4wEGGkZwyTDt1v"
        ],
        "source": "saber"
      }
    },
    {
      "symbol": "sbrMAIsUSDC-9",
      "name": "MAI-USDC Saber LP",
      "logoURI": "https://registry.saber.so/token-icons/slp.png",
      "decimals": 9,
      "address": "MAiP3Zmjhc6NYiCb2xK2893ifvTTDHciCS57Kga39pC",
      "chainId": 101,
      "tags": ["saber-stableswap-lp", "saber-lp-allbridge"],
      "extensions": {
        "website": "https://app.saber.so/#/pools/mai",
        "underlyingTokens": [
          "9mWRABuz2x6koTPCWiCPM49WUbcrNqGTHBV9T9k7y1o7",
          "JEFFSQ3s8T3wKsvp4tnRAsUBW7Cqgnf8ukBZC4C8XBm1"
        ],
        "source": "saber"
      }
    },
    {
      "symbol": "sbrabBUSDsUSDC-9",
      "name": "abBUSD-USDC Saber LP",
      "logoURI": "https://registry.saber.so/token-icons/slp.png",
      "decimals": 9,
      "address": "BUSDjE9NEQ15aRFTxKFAjUf5vzqBhEgTNbYevWcSB5qp",
      "chainId": 101,
      "tags": ["saber-stableswap-lp", "saber-lp-allbridge"],
      "extensions": {
        "website": "https://app.saber.so/#/pools/abbusd",
        "underlyingTokens": [
          "6nuaX3ogrr2CaoAPjtaKHAoBNWok32BMcRozuf32s2QF",
          "JEFFSQ3s8T3wKsvp4tnRAsUBW7Cqgnf8ukBZC4C8XBm1"
        ],
        "source": "saber"
      }
    },
    {
      "symbol": "sbrswhETH-9aeWETH",
      "name": "whETH-aeWETH Saber LP",
      "logoURI": "https://registry.saber.so/token-icons/slp.png",
      "decimals": 9,
      "address": "AET3m1Mp2SLi7QX3tSypcZWyEtk1d8dUGcwhweDiZdaR",
      "chainId": 101,
      "tags": ["saber-stableswap-lp", "saber-lp-allbridge"],
      "extensions": {
        "website": "https://app.saber.so/#/pools/aeeth",
        "underlyingTokens": [
          "KNVfdSJyq1pRQk9AKKv1g5uyGuk6wpm4WG16Bjuwdma",
          "AaAEw2VCw1XzgvKB8Rj2DyK2ZVau9fbt2bE8hZFWsMyE"
        ],
        "source": "saber"
      }
    },
    {
      "symbol": "sbraeUSDCsUSDC-9",
      "name": "aeUSDC-USDC Saber LP",
      "logoURI": "https://registry.saber.so/token-icons/slp.png",
      "decimals": 9,
      "address": "AECpyKJWfXVyWnk2d9md5dUj3RuzHRKfQra8MakjuVRz",
      "chainId": 101,
      "tags": ["saber-stableswap-lp", "saber-lp-allbridge"],
      "extensions": {
        "website": "https://app.saber.so/#/pools/aeusdc",
        "underlyingTokens": [
          "DdFPRnccQqLD4zCHrBqdY95D6hvw6PLWp9DEXj1fLCL9",
          "JEFFSQ3s8T3wKsvp4tnRAsUBW7Cqgnf8ukBZC4C8XBm1"
        ],
        "source": "saber"
      }
    },
    {
      "symbol": "sbraeUSDTsUSDT-9",
      "name": "aeUSDT-USDT Saber LP",
      "logoURI": "https://registry.saber.so/token-icons/slp.png",
      "decimals": 9,
      "address": "aeTwxcJhujVCq6rwbJri3s6ViYifsJUCFirMjLHgHZ7",
      "chainId": 101,
      "tags": ["saber-stableswap-lp", "saber-lp-allbridge"],
      "extensions": {
        "website": "https://app.saber.so/#/pools/aeusdt",
        "underlyingTokens": [
          "Bn113WT6rbdgwrm12UJtnmNqGqZjY4it2WoUQuQopFVn",
          "AEUT5uFm1D575FVCoQd5Yq891FJEqkncZUbBFoFcAhTV"
        ],
        "source": "saber"
      }
    },
    {
      "symbol": "sbraeDAIsUSDC-9",
      "name": "aeDAI-USDC Saber LP",
      "logoURI": "https://registry.saber.so/token-icons/slp.png",
      "decimals": 9,
      "address": "aeDebgky5BssqgLo426rXoQTmGrAn1JjEXp6aXFNLic",
      "chainId": 101,
      "tags": ["saber-stableswap-lp", "saber-lp-allbridge"],
      "extensions": {
        "website": "https://app.saber.so/#/pools/aedai",
        "underlyingTokens": [
          "9w6LpS7RU1DKftiwH3NgShtXbkMM1ke9iNU4g3MBXSUs",
          "JEFFSQ3s8T3wKsvp4tnRAsUBW7Cqgnf8ukBZC4C8XBm1"
        ],
        "source": "saber"
      }
    },
    {
      "symbol": "sbraaUSDCsUSDC-9",
      "name": "aaUSDC-USDC Saber LP",
      "logoURI": "https://registry.saber.so/token-icons/slp.png",
      "decimals": 9,
      "address": "AVC7uVb6R9B34T8zWxQMEK8twvYk26U71gworsujxFNv",
      "chainId": 101,
      "tags": ["saber-stableswap-lp", "saber-lp-allbridge"],
      "extensions": {
        "website": "https://app.saber.so/#/pools/aausdc",
        "underlyingTokens": [
          "8Yv9Jz4z7BUHP68dz8E8m3tMe6NKgpMUKn8KVqrPA6Fr",
          "JEFFSQ3s8T3wKsvp4tnRAsUBW7Cqgnf8ukBZC4C8XBm1"
        ],
        "source": "saber"
      }
    },
    {
      "symbol": "sbraaUSDTsUSDT-9",
      "name": "aaUSDT-USDT Saber LP",
      "logoURI": "https://registry.saber.so/token-icons/slp.png",
      "decimals": 9,
      "address": "AVTrxHq5P57fYZTYjMuCRWFqsrLmom2gGThNtgEgK1ip",
      "chainId": 101,
      "tags": ["saber-stableswap-lp", "saber-lp-allbridge"],
      "extensions": {
        "website": "https://app.saber.so/#/pools/aausdt",
        "underlyingTokens": [
          "FwEHs3kJEdMa2qZHv7SgzCiFXUQPEycEXksfBkwmS8gj",
          "AEUT5uFm1D575FVCoQd5Yq891FJEqkncZUbBFoFcAhTV"
        ],
        "source": "saber"
      }
    },
    {
      "symbol": "sbraaDAIsUSDC-9",
      "name": "aaDAI-USDC Saber LP",
      "logoURI": "https://registry.saber.so/token-icons/slp.png",
      "decimals": 9,
      "address": "AVDuGckLavyLr5YifViaxnoveY6rwqDezHw5kiKiRQEC",
      "chainId": 101,
      "tags": ["saber-stableswap-lp", "saber-lp-allbridge"],
      "extensions": {
        "website": "https://app.saber.so/#/pools/aadai",
        "underlyingTokens": [
          "EgQ3yNtVhdHz7g1ZhjfGbxhFKMPPaFkz8QHXM5RBZBgi",
          "JEFFSQ3s8T3wKsvp4tnRAsUBW7Cqgnf8ukBZC4C8XBm1"
        ],
        "source": "saber"
      }
    },
    {
      "symbol": "sbraaWBTCsrenBTC-9",
      "name": "aaWBTC-renBTC Saber LP",
      "logoURI": "https://registry.saber.so/token-icons/slp.png",
      "decimals": 9,
      "address": "AVBDpg1UYpDYQLbzEnRY76R3u82PYHtDuc3NBdFS2k39",
      "chainId": 101,
      "tags": ["saber-stableswap-lp", "saber-lp-allbridge"],
      "extensions": {
        "website": "https://app.saber.so/#/pools/aawbtc",
        "underlyingTokens": [
          "Fd8xyHHRjTvxfZrBirb6MaxSmrZYw99gRSqFUKdFwFvw",
          "FACTQhZBfRzC7A76antnpAoZtiwYmUfdAN8wz7e8rxC5"
        ],
        "source": "saber"
      }
    },
    {
      "symbol": "sbrpUSDTpUSDC",
      "name": "pUSDT-pUSDC Saber LP",
      "logoURI": "https://registry.saber.so/token-icons/slp.png",
      "decimals": 6,
      "address": "PortuzxBGYMQXeNmM9Kc6AtHLBwqSrb6xWwZ4trQ1en",
      "chainId": 101,
      "tags": ["saber-stableswap-lp", "saber-lp-port"],
      "extensions": {
        "website": "https://app.saber.so/#/pools/port_2pool",
        "underlyingTokens": [
          "3RudPTAkfcq9Q9Jk8SVeCoecCBmdKMj6q5smsWzxqtqZ",
          "FgSsGV8GByPaMERxeQJPvZRZHf7zCBhrdYtztKorJS58"
        ],
        "source": "saber"
      }
    },
    {
      "symbol": "sbrmSOLSOL",
      "name": "mSOL-SOL Saber LP",
      "logoURI": "https://registry.saber.so/token-icons/slp.png",
      "decimals": 9,
      "address": "SoLEao8wTzSfqhuou8rcYsVoLjthVmiXuEjzdNPMnCz",
      "chainId": 101,
      "tags": ["saber-stableswap-lp"],
      "extensions": {
        "website": "https://app.saber.so/#/pools/msol_sol",
        "underlyingTokens": [
          "mSoLzYCxHdYgdzU16g5QSh3i5K3z3KZK7ytfqcJm7So",
          "So11111111111111111111111111111111111111112"
        ],
        "source": "saber"
      }
    },
    {
      "symbol": "sbrpSOLprtSOL",
      "name": "pSOL-prtSOL Saber LP",
      "logoURI": "https://registry.saber.so/token-icons/slp.png",
      "decimals": 9,
      "address": "PSopTFPXzTRysj2H6W8oTvYBZmJHtRcVaQaDkckifAy",
      "chainId": 101,
      "tags": ["saber-stableswap-lp"],
      "extensions": {
        "website": "https://app.saber.so/#/pools/psol",
        "underlyingTokens": [
          "9EaLkQrbjmbbuZG9Wdpo8qfNUEjHATJFSycEmw6f1rGX",
          "BdZPG9xWrG3uFrx2KrUW1jT4tZ9VKPDWknYihzoPRJS3"
        ],
        "source": "saber"
      }
    },
    {
      "symbol": "sbrprtSOLSOL",
      "name": "prtSOL-SOL Saber LP",
      "logoURI": "https://registry.saber.so/token-icons/slp.png",
      "decimals": 9,
      "address": "PrsVdKtXDDf6kJQu5Ff6YqmjfE4TZXtBgHM4bjuvRnR",
      "chainId": 101,
      "tags": ["saber-stableswap-lp"],
      "extensions": {
        "website": "https://app.saber.so/#/pools/prtsol",
        "underlyingTokens": [
          "BdZPG9xWrG3uFrx2KrUW1jT4tZ9VKPDWknYihzoPRJS3",
          "So11111111111111111111111111111111111111112"
        ],
        "source": "saber"
      }
    },
    {
      "symbol": "sbrstSOLSOL",
      "name": "stSOL-SOL Saber LP",
      "logoURI": "https://registry.saber.so/token-icons/slp.png",
      "decimals": 9,
      "address": "stSjCmjQ96BiGhTk8gkU22j1739R8YBQVMq7KXWTqUV",
      "chainId": 101,
      "tags": ["saber-stableswap-lp"],
      "extensions": {
        "website": "https://app.saber.so/#/pools/stsol",
        "underlyingTokens": [
          "7dHbWXmci3dT8UFYWYZweBLXgycu7Y3iL6trKn1Y7ARj",
          "So11111111111111111111111111111111111111112"
        ],
        "source": "saber"
      }
    },
    {
      "symbol": "sbrscnSOLSOL",
      "name": "scnSOL-SOL Saber LP",
      "logoURI": "https://registry.saber.so/token-icons/slp.png",
      "decimals": 9,
      "address": "SoCJs5Qw1D3fjGbTqxxovK15FVnYVrwvTbYcBBrZmWj",
      "chainId": 101,
      "tags": ["saber-stableswap-lp"],
      "extensions": {
        "website": "https://app.saber.so/#/pools/socean",
        "underlyingTokens": [
          "5oVNBeEEQvYi1cX3ir8Dx5n1P7pdxydbGF2X4TxVusJm",
          "So11111111111111111111111111111111111111112"
        ],
        "source": "saber"
      }
    }
  ]
}
