{
  "name": "Solana Programs List",
  "timestamp": "2021-08-22T17:25:00+0000",
  "programs": [
    {
      "name": "System",
      "description": "",
      "program_type": "System",
      "address": "11111111111111111111111111111111"
    },
    {
      "name": "BpfLoader2",
      "description": "",
      "program_type": "System",
      "address": "BPFLoader2111111111111111111111111111111111"
    },
    {
      "name": "BpfLoader",
      "description": "",
      "program_type": "System",
      "address": "BPFLoader1111111111111111111111111111111111"
    },
    {
      "name": "BpfLoaderUpgradeable",
      "description": "",
      "program_type": "System",
      "address": "BPFLoaderUpgradeab1e11111111111111111111111"
    },
    {
      "name": "Feature",
      "description": "",
      "program_type": "System",
      "address": "Feature111111111111111111111111111111111111"
    },
    {
      "name": "Config",
      "description": "",
      "program_type": "System",
      "address": "Config1111111111111111111111111111111111111"
    },
    {
      "name": "Stake",
      "description": "",
      "program_type": "System",
      "address": "Stake11111111111111111111111111111111111111"
    },
    {
      "name": "StakeConfig",
      "description": "",
      "program_type": "System",
      "address": "StakeConfig11111111111111111111111111111111"
    },
    {
      "name": "Vote",
      "description": "",
      "program_type": "System",
      "address": "Vote111111111111111111111111111111111111111"
    },
    {
      "name": "Secp256k1",
      "description": "",
      "program_type": "System",
      "address": "KeccakSecp256k11111111111111111111111111111"
    },
    {
      "name": "Sysvar",
      "description": "",
      "program_type": "System",
      "address": "Sysvar1111111111111111111111111111111111111"
    },
    {
      "name": "SysvarClock",
      "description": "",
      "program_type": "System",
      "address": "SysvarC1ock11111111111111111111111111111111"
    },
    {
      "name": "SysvarEpochSchedule",
      "description": "",
      "program_type": "System",
      "address": "SysvarEpochSchedu1e111111111111111111111111"
    },
    {
      "name": "SysvarRent",
      "description": "",
      "program_type": "System",
      "address": "SysvarRent111111111111111111111111111111111"
    },
    {
      "name": "SysvarFees",
      "description": "",
      "program_type": "System",
      "address": "SysvarFees111111111111111111111111111111111"
    },
    {
      "name": "SysvarRewards",
      "description": "",
      "program_type": "System",
      "address": "SysvarRewards111111111111111111111111111111"
    },
    {
      "name": "SysvarInstructions",
      "description": "",
      "program_type": "System",
      "address": "Sysvar1nstructions1111111111111111111111111"
    },
    {
      "name": "SysvarSlotHashes",
      "description": "",
      "program_type": "System",
      "address": "SysvarS1otHashes111111111111111111111111111"
    },
    {
      "name": "SysvarSlotHistory",
      "description": "",
      "program_type": "System",
      "address": "SysvarS1otHistory11111111111111111111111111"
    },
    {
      "name": "SysvarStakeHistory",
      "description": "",
      "program_type": "System",
      "address": "SysvarStakeHistory1111111111111111111111111"
    },
    {
      "name": "SysvarRecentBlockHashes",
      "description": "",
      "program_type": "System",
      "address": "SysvarRecentB1ockHashes11111111111111111111"
    },
    {
      "name": "SplToken",
      "description": "",
      "program_type": "System",
      "address": "TokenkegQfeZyiNwAJbNbGKPFXCWuBvf9Ss623VQ5DA"
    },
    {
      "name": "SplTokenMetadata",
      "description": "",
      "program_type": "System",
      "address": "metaqbxxUerdq28cj1RbAWkYQm3ybzjb6a8bt518x1s"
    },
    {
      "name": "SplTokenVault",
      "description": "",
      "program_type": "System",
      "address": "vau1zxA2LbssAUEF7Gpw91zMM1LvXrvpzJtmZ58rPsn"
    },
    {
      "name": "SplTokenMint",
      "description": "",
      "program_type": "System",
      "address": "So11111111111111111111111111111111111111112"
    },
    {
      "name": "AssociatedToken",
      "description": "",
      "program_type": "System",
      "address": "ATokenGPvbdGVxr1b2hvZbsiqW5xWH25efTNsLJA8knL"
    },
    {
      "name": "Memo",
      "description": "",
      "program_type": "System",
      "address": "Memo1UhkJRfHyvLMcVucJwxXeuD728EqVDDwQDxFMNo"
    },
    {
      "name": "Programs",
      "description": "",
      "program_type": "ProgramsRef",
      "address": ""
    },
    {
      "name": "Vaults",
      "description": "",
      "program_type": "VaultsRef",
      "address": ""
    },
    {
      "name": "Farms",
      "description": "",
      "program_type": "FarmsRef",
      "address": ""
    },
    {
      "name": "Pools",
      "description": "",
      "program_type": "PoolsRef",
      "address": ""
    },
    {
      "name": "Tokens",
      "description": "",
      "program_type": "TokensRef",
      "address": ""
    },
    {
      "name": "MainRouter",
      "description": "",
      "program_type": "MainRouter",
      "address": ""
    },
    {
      "name": "RaydiumRouter",
      "description": "",
      "program_type": "Raydium",
      "address": ""
    },
    {
      "name": "SaberRouter",
      "description": "",
      "program_type": "Saber",
      "address": ""
    },
    {
      "name": "OrcaRouter",
      "description": "",
      "program_type": "Orca",
      "address": ""
    },
    {
      "name": "FarmGovernance",
      "description": "",
      "program_type": "System",
      "address": ""
    },
    {
      "name": "SerumV2",
      "description": "",
      "program_type": "Serum",
      "address": "EUqojwWA2rd19FZrzeBncJsm38Jm1hEhE3zsmX3bRc2o"
    },
    {
      "name": "SerumV3",
      "description": "",
      "program_type": "Serum",
      "address": "9xQeWvG816bUx9EPjHmaT23yvVM2ZWbrrpZb9PusVFin"
    },
    {
      "name": "RaydiumV2",
      "description": "",
      "program_type": "Raydium",
      "address": "RVKd61ztZW9GUwhRbbLoYVRE5Xf1B2tVscKqwZqXgEr"
    },
    {
      "name": "RaydiumV3",
      "description": "",
      "program_type": "Raydium",
      "address": "27haf8L6oxUeXrHrgEgsexjSY5hbVUWEmvv9Nyxg8vQv"
    },
    {
      "name": "RaydiumV4",
      "description": "",
      "program_type": "Raydium",
      "address": "675kPX9MHTjS2zt1qfr1NYHuzeLXfQM9H24wFSUt1Mp8"
    },
    {
      "name": "RaydiumStake",
      "description": "",
      "program_type": "Raydium",
      "address": "EhhTKczWMGQt46ynNeRX1WfeagwwJd7ufHvCDjRxjo5Q"
    },
    {
      "name": "RaydiumStakeV4",
      "description": "",
      "program_type": "Raydium",
      "address": "CBuCnLe26faBpcBP2fktp4rp8abpcAnTWft6ZrP5Q4T"
    },
    {
      "name": "RaydiumStakeV5",
      "description": "",
      "program_type": "Raydium",
      "address": "9KEPoZmtHUrBbhWN1v1KWLMkkvwY6WLtAVUCPRtRjP4z"
    },
    {
      "name": "RaydiumIDO",
      "description": "",
      "program_type": "Raydium",
      "address": "6FJon3QE27qgPVggARueB22hLvoh22VzJpXv4rBEoSLF"
    },
    {
      "name": "RaydiumIDOV4",
      "description": "",
      "program_type": "Raydium",
      "address": "CC12se5To1CdEuw7fDS27B7Geo5jJyL7t5UK2B44NgiH"
    },
    {
      "name": "RaydiumIDOV5",
      "description": "",
      "program_type": "Raydium",
      "address": "9HzJyW1qZsEiSfMUf6L2jo3CcTKAyBmSyKdwQeYisHrC"
    },
    {
      "name": "SaberStableSwap",
      "description": "",
      "program_type": "Saber",
      "address": "SSwpkEEcbUqx4vtoEByFjSkhKdCT862DNVb52nZg1UZ"
    },
    {
      "name": "SaberQuarryMine",
      "description": "",
      "program_type": "Saber",
      "address": "QMNeHCGYnLVDn1icRAfQZpjPLBNkfGbSKRB83G5d8KB"
    },
    {
      "name": "SaberRedeemer",
      "description": "",
      "program_type": "Saber",
      "address": "RDM23yr8pr1kEAmhnFpaabPny6C9UVcEcok3Py5v86X"
    },
    {
      "name": "SaberMintWrapper",
      "description": "",
      "program_type": "Saber",
      "address": "QMWoBmAyJLAsA1Lh9ugMTw2gciTihncciphzdNzdZYV"
    },
    {
      "name": "SaberMintProxy",
      "description": "",
      "program_type": "Saber",
      "address": "UBEBk5idELqykEEaycYtQ7iBVrCg6NmvFSzMpdr22mL"
    },
    {
      "name": "SaberDecimalWrapper",
      "description": "",
      "program_type": "Saber",
      "address": "DecZY86MU5Gj7kppfUCEmd4LbXXuyZH1yHaP2NTqdiZB"
    },
    {
      "name": "OrcaSwap",
      "description": "",
      "program_type": "Orca",
      "address": "9W959DqEETiGZocYWCQPaJ6sBmUzgfxXfqGeTEdp3aQP"
    },
    {
      "name": "OrcaStake",
      "description": "",
      "program_type": "Orca",
      "address": "82yxjeMsvaURa4MbZZ7WZZHfobirZYkH1zF8fmeGtyaQ"
    }
  ]
}
